,ID,Donnée (Niveau 1),Donnée (Niveau 2),Donnée (Niveau 3),Donnée (Niveau 4),Donnée (Niveau 5),Donnée (Niveau 6),Description,Exemples,Balise NexSIS,Nouvelle balise,Nantes - balise,Nantes - description,GT399,GT399 description,Priorisation,Cardinalité,Objet,Format (ou type),Nomenclature/ énumération,Détails de format,15-18,15-15,15-SMUR
0,1,Identifiant affaire/dossier,,,,,,"Identifiant de l'affaire partagé entre tous les intervenants = aux champs {organization}.{senderCaseId}.
Il doit pouvoir être généré de façon unique et décentralisée et ne présenter aucune ambiguïté. 
Il est généré par le système du partenaire récepteur de la primo-demande de secours (créateur du dossier).
Valorisation : {pays}.{domaine}.{organisation}.{structure interne}*.{unité fonctionnelle}*.{numéro de dossier}",fr.health.samu440-DRFR15DDXAAJJJ0000,eventId,caseId,NR,Numéro de requête émise,,,1.0,1..1,,string,,,X,X,X
1,2,Identifiant local de l'affaire/dossier,,,,,,"Valoriser avec le numéro du dossier dans le SI de l'émetteur du message. 
Ce champ est facultatif, il ne sera notamment pas transmis par NexSIS.
",DRFR15DDXAAJJJ0000,,senderCaseId,NO,Numéro de dossier de l'émetteur,,,,0..1,,string,,,X,X,X
2,3,Date Heure de création de l'affaire/dossier,,,,,,Groupe date heure de début de partage lié à la création de l'affaire (et donc de génération du caseId). Il doit être renseigné à la fin du processus de la  création  de la première alerte. Lors de l'ajout d'alerte à une affaire ce champ ne doit pas être modifié.  L'indicateur de fuseau horaire Z ne doit pas être utilisé.,2022-09-27T08:23:34+02:00,createdAt,creation,,,,,1.0,1..1,,datetime,,Format datetime décrit dans le DSF,X,X,X
4,5,Qualification de l'affaire/dossier,,,,,,Permet de qualifier l'affaire en générale. La qualification est issue d'une interprétation métier des alertes reçues.,,alertCode,qualification,,,,,,1..1,X,qualification,,,X,X,X
5,6,,Nature de fait,,,,,"Décrit la nature de fait de l'alerte (NF) à partir de la nomenclature CISU.
Le champs freetext sert à passer les informations de gestion des évènements (main courante sans les informations médicales privilégiées).",,whatsHappen,,CE/CK,raison de l'appel,,,1.0,1..1,X,codeLabelComment,,NOMENCLATURE: CISU-Code_Nature_de_fait,X,X,X
6,7,,,Code,,,,A valoriser avec un code la nomenclature associée,C07.13.02,code,,,,,,1.0,1..1,,string,,,X,X,X
7,8,,,Libellé,,,,"A valoriser avec le libellé de la nomenclature associée.
Dans le cas où un système n'est pas en mesure de reconnaître un code, il peut directement afficher le libellé qui est obligatoirement fourni avec le code.",Rodéo automobile,label,,,,,,1.0,1..1,,string,,,X,X,X
8,9,,,Commentaire,,,,Commentaire libre permettant de passer des informations complémentaires associées à la nomenclature,,freetext,,,,,,,0..1,,string,,,X,X,X
9,10,,Type de lieu,# Voir whatsHappen (type codeLabelComment),,,,Décrit le type de lieu (TL). Référentiel : nomenclature CISU,,locationKind,,CI,Type de lieu d'intervention,,,1.0,0..1,X,codeLabelComment,,NOMENCLATURE: CISU-Code_Type_de_lieu,X,X,X
10,11,,"Risque, menace et sensibilité",# Voir whatsHappen (type codeLabelComment),,,,"Décrit les risques, menaces et sensibilités (RMS). Référentiel : nomenclature CISU.",,riskThreat,,,,,,1.0,0..n,X,codeLabelComment,,NOMENCLATURE: CISU-Code_Risque-Menace-Sensibilité,X,X,X
11,12,,Motif de recours médico-secouriste,# Voir whatsHappen (type codeLabelComment),,,,Décrit le motif de recours médico-secouriste (MR). Référentiel : nomenclature CISU.,,healthMotive,,,,,,1.0,0..1,X,codeLabelComment,,NOMENCLATURE: CISU-Code_Motif_patient-victime,X,X,X
17,18,,Patients-Victimes,,,,,,,victims,,,,,,,0..1,X,victims,,,X,X,X
18,19,,,Nombre de patients-victimes,,,,Indique le nombre de victimes selon la nomenclature du référentiel CISU,SEVERAL,count,,NV,Nombre de victimes,,,,0..1,,string,X,"ENUM: 0, 1, SEVERAL, MANY, UNKNOWN",X,X,X
21,22,Localisation de l'affaire/dossier,,,,,,Concerne bien le dossier de régulation pour le périmetre 15-15,,eventLocation,location,,,,,,1..1,X,location,,,X,X,X
22,23,,Identifiant technique de localisation,,,,,ID technique et provisoire permettant d'identifier le lieu dans le cadre des échanges de cette affaire.,111fb03a-6fd9-41e0-8e81-990c45188887,locID,,,,,,,1..1,,string,,,X,X,X
23,24,,Résumé de la localisation,,,,,"Permet d'indiquer des indications auto suffisantes permettant pour un opérationnel d'accéder facilement au lieu avec des indications minimales.
Dans les messages NexSIS, va souvent correspondre à la concaténation suivant des règles métiers de différentes informations, dont le ""name"" (toponyme) et l'adresse.
Comprend au maximum 255 caractères","Lycée Pierre de Coubertin - 12 rue de l'Amitié 77288 Melun, Musée Bossuet - Accès 2 - 77048 Saint-Albray",locLabel,,,,,,,0..1,,string,,,X,X,X
24,25,,Nom du lieu,,,,,"Indique le nom de lieu : nom commercial, Etablissement, forêt de Fontainebleau, lac du Der (plutôt à destination des systèmes).",Lycée Pierre de Coubertin,name,,LE/L4,Nom de l'établissement répertorié/point d'intérêt,,,,0..1,,string,,,X,X,X
25,26,,Identifiant(s) du lieu,,,,,Permet d'identifier une structure commerciale ou un établissement,,,externalLocationId,,,,,,0..n,X,externalLocationId,,,X,X,X
26,27,,,Source  /  type d'identifiant,,,,Type de l'identifiant fourni,"FINESS géographique, FINESS administratif, SIREN, SIRET, APE, NAF",,source,,,,,,1..1,,string,X,"ENUM: FINESS administratif, FINESS géographique, SIREN, SIRET, APE/NAF",X,X,X
27,28,,,Identifiant,,,,L'identifiant en lui-même,920000650 ,,value,,,,,,1..1,,string,,,X,X,X
28,29,,Détails de l'adresse,,,,,,,,detailedAddress,,,,,,0..1,X,detailedAddress,,,X,X,X
29,30,,,"Numéro, type et nom de voie",,,,"Numéro, type et nom de la voie. 
Utilisé pour tout type de voie :  autoroute (PK, nom et sens), voie ferrée, voie navigable…
Obligatoire et seule valeur des détails de l'adresse fournie par NexSIS.",9 Bd du Montparnasse,address,complete,,,,,,1..1,,string,,TEMPLATE: {number} {wayName},X,X,X
30,31,,,Numéro dans la voie,,,,"Numéro dans l'adresse (inclut point kilométrique sur l'autoroute, voie ferrée ou voie navigable). Inclut l'indice de répétition associé au numéro (par exemple bis, a…).","9, 4bis, PK10, …",,number,LO,N° dans la voie,,,,0..1,,string,,,X,X,X
31,32,,,Type et nom de voie,,,,,,,wayName,LY/LB/LV,"Type, particule, nom de voie",,,,0..1,X,wayName,,,X,X,X
32,33,,,,Type et nom,,,"Type et nom de la voie (venant d'un référentiel ou non)
Si les champs type et name sont renseignés, le champ callerName doit être valorisé ainsi : ""{type} {nom}"".",Boulevard du Montparnasse,,complete,,,,,,1..1,,string,,TEMPLATE: {type} {name},X,X,X
33,34,,,,Type,,,,Boulevard,,type,,,,,,0..1,,string,,,X,X,X
34,35,,,,Nom,,,,du Montparnasse,,name,,,,,,0..1,,string,,,X,X,X
35,36,,Détails de la commune,,,,,,,,city,,,,,,0..1,X,city,,,X,X,X
36,37,,,Nom de la commune,,,,Nom officiel de la commune actuelle,Lille,city,name,LC,Nom de la commune,,,,0..1,,string,,,X,X,X
37,38,,,Code INSEE de la commune,,,,Code INSEE de la commune actuelle sur la base du Code Officiel géographique en vigueur. Obligatoire si le nom de la commune est renseigné.,59350,citycode,inseeCode,LZ,Code INSEE de la commune,,,,0..1,,string,,REGEX: [0-9]{5},X,X,X
38,39,,,Complément de commune,,,,"Informations complémentaires permettant de préciser le quartier, lieu-dit, ancienne commune, … ou autre information aidant à préciser l'adresse et notamment gérer les cas de communes fusionnées pour le système émetteur
NB : dans tous les cas, la localisation GPS de la commune doit être fournie afin d'éviter une trop forte ambiguïté","Quartie Melun Nord, Lhomme, …",,detail,,,,,,0..1,,string,,,X,X,X
39,40,,Détails d'accès,,,,,Non gérés par NexSIS : ne seront pas transmis au SAMU et seront affichés côté NexSIS en clés / valeurs dans le champ libre,,,access,,,,,,0..1,X,access,,,X,X,X
40,41,,,Etage,,,,Etage ,RDC,,floor,LG,Etage,,,,0..1,,string,,,X,X,X
41,42,,,Numéro de porte,,,,"Spécifie numéro d'appartement, de chambre, de bureau",A16,,roomNumber,LP,Porte,,,,0..1,,string,,,X,X,X
42,43,,,Interphone,,,,"Indique les informations nécessaires  à l'identification de l'interphone (numéro, nom)",Dupont,,interphone,,,,,,0..1,,string,,,X,X,X
43,44,,,Digicode,,,,Indique le ou les digicodes dans l'ordre de progression dans le bâtiment,1234A,,accessCode,LD,Digicode,,,,0..n,,string,,,X,X,X
44,45,,,Ascenseur/escalier,,,,Indique l'ascenseur ou la cage d'escalier ,C3,,elevator,,,,,,0..1,,string,,,X,X,X
45,46,,,Bâtiment,,,,Nom du bâtiment,Batiment B,,buildingName,,,,,,0..1,,string,,,X,X,X
46,47,,,Entrée,,,,,Zone Sud,,entrance,,,,,,0..1,,string,,,X,X,X
47,48,,,Service,,,,"Nom du service concerné au sein de l'établissement : Infirmerie, service finance, service cardiologie, …",Infirmerie,,entity,,,,,,0..1,,string,,,X,X,X
48,49,,,N° de téléphone du lieu,,,,"Numéro de téléphone permettant d'accéder au lieu de l'intervention, par exemple : téléphone du secrétariat, téléphone du service administratif ou se trouve le patient/victime.",33123452323,,phoneNumber,,,,,,0..1,,number,,,X,X,X
49,50,,Géometrie associée,,,,,,,objectGeometry,geometry,,,,,,0..1,X,geometry,,,X,X,X
50,51,,,Heure du dernier relevé,,,,Groupe date heure de renseignement des coordonnées du point clé de la localisation. Permet de connaître la fraîcheur et donc pertinence des informations pour intervenir.,2022-09-27T08:23:34+02:00,,obsDatime,,,,,,1..1,,datetime,,,X,X,X
51,52,,,Point ,,,,"Fournir au maximum même s'il est imprécis (et adapter le champs ""Précision"" en fonction). 
Par exemple, sans adresse, il est possible de fournir le point GPS de la commune et d'adapter et préciser l'adresse en cours d'intervention.
Sera toujours fourni par NexSIS.",,point,point,,,,,,0..1,X,point,,,X,X,X
52,53,,,,Coordonnées,,,"Le SGO ne fonctionne toujours sur des coordonnées X/Y ainsi qu'une adresse indicative associée. 
NexSIS dispose donc toujours d'un point GPS utilisé pour le temps de trajet, la détermination de l'intervenant le plus proche, ...
L'adresse est elle utilisée par l’intervenant pour aller sur le lieu.",,coord,coord,,,,,,1..1,X,coord,,,X,X,X
53,54,,,,,Latitude,,Latitude du point clé de la localisation ,48.866667,lat,lat,,,,,,1..1,,number,,,X,X,X
54,55,,,,,Longitude,,Longitude du point clé de la localisation,2.333333,lon,lon,,,,,,1..1,,number,,,X,X,X
55,56,,,,,Altitude ,,"Altitude du point clé de la localisation, en mètre, ignoré côté NexSIS. ",120,,height,,,,,,0..1,,number,,,X,X,X
56,57,,,,,Cap,,En degré,96,,heading,,,,,,0..1,,number,,,X,X,X
57,58,,,,,Vitesse,,"Vitesse en km/h, notamment fournie par eCall, tel, nouveau AML, …",34,,speed,,,,,,0..1,,number,,,X,X,X
58,59,,,,,Précision,,"Indique via une nomenclature le niveau de précision des coordonnées fournies par le système emetteur.
CITY=Précision à l'échelle de la ville, STREET=Précision à l'échelle de la rue, ADDRESS=Adresse précise, EXACT=Point coordonnée GPS exact, UNKNOWN=Précision de la localisation non évaluable par l'émetteur",ADDRESS,,precision,,,,,,1..1,,string,X,"ENUM: CITY, STREET, ADDRESS, EXACT, UNKNOWN",X,X,X
59,60,,,,Système de coordonnées,,,"Indique le type de coordonnées utilisé. Actuellement, la seule valeur valide est «EPSG-4326», indiquant l'utilisation de WGS-84. Si ce champ n'est pas renseigné, on considère que la valeur par défaut est «».",EPSG-4326,coordsys,sysCoord,,,,,1.0,0..1,,string,,,X,X,X
60,61,,,Formes géométriques,,,,"Objet gml (équivalent xml du geojson). Le langage GML permet de décrire une forme dans un système de projection donné. 
Dans le cas d'une alerte donnée sur une zone géographique non précise (par exemple une section d'autoroute ou une zone sur un chemin de randonnée), une indication sur la zone de recherche peut être fournie.
En XML, un objet gml est encapsulé dans une balise <sketch xmlns:gml='http://www.opengis.net/gml' version='1.0' > </sketch>
En JSON, les balises sont reprises depuis le modèle gml
Voir http://www.opengis.net/gml pour le format de l'objet sketch",,sketch,sketch,,,,,,0..1,,string,,,X,X,X
61,62,,Liens aux systèmes externes,,,,,"Permet de partager l'identifiant d'un objet ayant servi à l'établissement de la localisation. L'objet reprend la structure EXTERNAL_INFO de l'EMSI
L'identifiant BAN de l'adresse (clé d'interopérabilité) doit être partagé au maximum.",,link,externalInfo,,,,,,0..n,X,externalInfo,,,X,X,X
62,63,,,Nom de la source,,,,"Système fournissant le localisant :  NexSiS ou l'ORG_ID (BAN, IGN, ...)","NexSIS, BAN, IGN, …",source,freetext,,,,,,1..1,,string,X,"ENUM: BAN, IGN, NexSIS",X,X,X
63,64,,,Type ,,,,"Définition du type d'objet dans le système
Ex : SIG NexSIS / OSM ont plusieurs types de données -> savoir du quel on parle (POI, tronçon de route, …) pour faciliter le filtre | Aussi table dans une base de données","ega, egr, egm, DIO (données d'influence opérationnelle), …",type,type,,,,,,1..1,,string,X,"ENUM: MANUAL, MAP, OTHER, PHOTO, WEBSIT",X,X,X
64,65,,,Identifiant,,,,Identifiant unique dans le type. Exemple : UUID d'un ega,id987,id,uri,,,,,,1..1,,string,,,X,X,X
67,68,Alerte initiale,,,,,,"L'objet alert correspond à la transcription d'une communication d'urgence. Une alerte est une photo d'une situation donnée décrite par un requérant et n'est pas amenée à évoluer dans le temps. En cas de modification (adresse, qualification, ...), cela passera par une mise à jour opération ou une nouvelle alerte.
L'alerte initiale est la premiere alerte concernant la situation d'urgence et conduisant à la création d'une affaire.
Le système destinataire reçoit une affaire lorsqu'une alerte le concerne. S'il ne gère pas les affaires multi-alertes, il doit donc créer une affaire seulement sur l'alerte le concernant : pour une création d'affaire, sur l'alerte initiale et pour une mise à jour d'affaire, sur la nouvelle alerte (en récupérant éventuellement des informations de l'alerte initiale en historique).
Pour répondre sur une alerte, l'alerte initiale n'est pas obligatoire car pas forcément stockée dans le système (notamment pour ceux avec des affaires mono-alertes).
NB :
- Dans le cadre une mise à jour d'affaire, les objets alert sont IMMUTABLES dans la mesure où il décrivent une ""photo"" de la situation décrite par le requérant.",,primaryAlert,initialAlert,,,,,,0..1,X,alert,,,X,X,X
68,69,,Identifiant alerte,,,,,"Identifiant technique unique de l'alerte. Il doit pouvoir être généré automatiquement par le système émetteur et ne doit pas avoir de signification / utilisation particulière par les différents systèmes pour garantir leur découplage.
Voir la description de l'identifiant de l'affaire pour voir le format.
Lorsqu’une alerte est générée dans NexSIS et crée une affaire, elle est qualifiée d’Alerte Initiale.
a)	Si cette dernière concerne un partenaire (caractère médical pour la Santé par exemple), elle est relayée seule dans le message. Il y’a un seul objet initialAlert.
b)	Sinon, une autre alerte liée à la même affaire peut être déclarée ultérieurement, concernant cette fois le partenaire. Lorsqu’elle est déclarée cette Nouvelle Alerte est relayée avec l’Alerte Initiale pour partager un contexte commun. Dans le message de création d’affaire il y’a deux objets alerte : initialAlert et newAlert.
Le rattachement des messages à une affaire doivent s'appuyer sur les caseId et non les alertId qui peuvent varier d'un système à l'autre.",SGO050-20230605-AL0123,alertId,id,,,,,1.0,1..1,,string,,,X,X,X
69,70,,Date de réception de l'alerte,,,,,Groupe date heure de réception de l'alerte,2022-09-27T08:21:06+02:00,receivedAt,reception,HA ,		Date et heure de prise d'appel   (format DD/MM/YYYY HH24:MI:SS),,,,1..1,,datetime,,Format datetime décrit dans le DSF,X,X,X
70,71,,Signalement,,,,,"Permet d'attirer l'attention des forces partenaires sur une affaire pour le faire sortir du lot.
Eventuellement automatisé en fonction des critères saisis et de leur paramétrage, ou renseigné par l'opérateur. 
Prend les valeurs définies dans la nomenclature CISU :
- standard : STANDARD
- signalé : ATTENTION
Les systèmes peuvent proposer des fonctionnalités faisant ressortir les dossiers avec le libellé ATTENTION",STANDARD,,reporting,,,,,1.0,1..1,,string,X,"ENUM: STANDARD, ATTENTION",X,X,X
72,73,,Requérant,,,,,Objet permettant d'identifer la personne qui a alerté les secours et de la recontacter,,caller,,,,,,,1..1,X,caller,,,X,X,X
73,74,,,Contact,,,,Type et valeur de l'URI utilisée par le requérant à l'origine de l'alerte.,,callerURI,callerContact,AT,N° de téléphone,,,1.0,1..1,X,contact,,,X,X,X
75,76,,,,Type de contact du requérant,,,"Type de l'URI utilisée par le requérant, cf. nomenclature EMSI",PHNADD,,type,,,,,,1..1,,string,X,"ENUM: PSTADD, EMLADD, IPADD, FTPADD, WWWADD, PHNADD, FAXADD, PMRADD",X,X,X
76,77,,,,URI du contact requérant,,,Valeur de l'URI utilisée pour contacter le partenaire,0671830530,,detail,,,,,,1..1,,string,,,X,X,X
77,78,,,Contact de contre-appel,# Voir callerContact (type contact),,,"Type et valeur de l'URI permettant un rappel pour avoir plus d'informations : il peut s'agir du requérant, de la victime ou d'un témoin. ",,,callbackContact,LT,N° de téléphone sur les lieux,,,1.0,0..1,X,contact,,,X,X,X
78,79,,,Langue parlée,,,,Langue parlée par le requérant. Permet de mettre en place des traducteurs si besoin. Utilise la nomenclature LANGUE du SI-SAMU.,FR,spokenLanguage,language,,,,,,0..1,,string,X,NOMENCLATURE: ISO 3166-ISO3166-2,X,X,X
79,80,,,Type de requérant,,,,Indique la relation du requérant avec l'incident / le patient / la victime,"le patient lui-même, père, mère",,type,,,,,,0..1,,string,,NOMENCLATURE: SI-SAMU-TYPAPPLT,X,X,X
80,81,,,Difficulté de communication,,,,Indique si le requérant rencontre ou non des difficulté de communication,"Malentendant, aucune difficulté de communication",,communication,,,,,,0..1,,string,,NOMENCLATURE: SI-SAMU-PBAPL,X,X,X
81,82,,,Informations complémentaires sur le requérant,,,,"Informations complémentaires sur le requérant 
Les informations peuvent être passées sous forme de texte libre ou via une liste d'adjectif",témoin de l'accident,freetext,freetext,CH,Profil appelant,,,1.0,0..1,,string,,,X,X,X
82,83,,,Prénom & nom usuel,,,,,,callerName,detailedName,,,,,,0..1,X,detailedName,,,X,X,X
83,84,,,,Prénom et nom,,,"Prénom et nom usuel du requérant.
Si les champs callerLastName et callerFirstName sont renseignés, le champ callerName doit être valorisé ainsi : ""{callerFirstName} {callerLastName}"".
Note : NexSIS ne dispose que de ces informations (concaténées) et pas de deux champs séparés.",Jean Dupont,,complete,AN/AP,"Nom
Prénom",,,,1..1,,string,,TEMPLATE: {callerLastName} {callerFirstName},X,X,X
84,85,,,,Nom,,,Nom du requérant,Dupont,,lastName,,,,,,0..1,,string,,,X,X,X
85,86,,,,Prénom,,,"Prénom du réquérant.
Par convention les prénoms composés doivent préférablement être séparés par le caractère ""-""",Jean,,firstName,,,,,,0..1,,string,,,X,X,X
101,106,CRRA traitant,,,,,,"Champ servant à transférer la responsabilité du traitement d'un dossier à un autre CRAA / à lui demander de prendre en charge le traitement du dossier.
Le SAMU demandeur entre dans ce champ l'ID du CRAA à qui il demande de traiter l'affaire (uniquement en cas de transfert intégral du traitement d'un dossier).
Le SAMU qui reçoit la demande de transfert et l'accepte renvoie un RC-EDA de mise à jour en laissant son ID dans ce champ + en ajoutant l'ID local du dossier chez lui dans le message.
Le SAMU qui reçoit la demande de transfert et la refuse renvoie un RC-EDA de mise à jour en remettant l'ID du SAMU demandeur dans ce champ + il envoie l'ID local du dossier chez lui.",fr.health.samu440,,owner,,,,,,1..1,,string,,,,X,X
106,111,Patient / victime,,,,,,Identification des patients / victimes,,,patient,,,,,,0..n,X,patient,,,X,X,X
107,112,,ID patient partagé,,,,,Identifiant technique du patient pour permettre les rapprochements d'infos. Le 1er qui créé l'ID patient a raison.,fr.health.samu044.DRFR15DDXAAJJJ00000.P00,,id,,,,,,1..1,,string,,,X,X,X
108,113,,Dossier administratif,,,,,,,,administrativeFile,,,,,,0..1,X,administrativeFile,,,,X,X
109,114,,,Identifiant(s) patient(s),,,,Identifiant autre que le matricule INS,,,externalId,,,,,,0..n,X,externalId,,,,X,X
110,115,,,,Source  /  type d'identifiant,,,Type de l'identifiant fourni,"NIR, SINUS, SI-VIC, …",,source,,,,,,1..1,,string,X,"ENUM: NIR, SINUS, SI-VIC, DOSSARD, PLACE",,X,X
111,116,,,,Identifiant,,,L'identifiant en lui-même,id1234,,value,,,,,,1..1,,string,,,,X,X
112,117,,,Contact,# Voir callerContact (type contact),,,Type et valeur des URI utilisées par le patient concerné,,,contact,,,,,,0..n,X,contact,,,,X,X
113,118,,,Adresse,,,,Voir pour ajouter l'adresse postale du patient uniquement : pas besoin du niveau de détail de l'adresse d'intervention qui est un objet différent,,,personalAddress,,,,,,0..1,X,personalAddress,,,,X,X
114,119,,,,Détails de l'adresse,# Voir detailedAddress,,,,,detailedAddress,,,,,,0..1,X,detailedAddress,,,,X,X
115,120,,,,Détails de la commune,# Voir city,,,,,city,,,,,,0..1,X,city,,,,X,X
116,121,,,Médecin traitant ,,,,,,,generalPractitioner,,,,,,0..1,X,generalPractitioner,,,,X,X
117,122,,,,Prénom et nom,,,Nom du médecin traitant du patient si connu,,,detailedName,,,,,,1..1,X,detailedName,,,,X,X
118,123,,,,Identifiant RPPS,,,Numéro RPPS du médecin traitant,10000668540,,id,,,,,,0..1,,string,,,,X,X
119,124,,,,Adresse medecin,# Voir patientAddress (type personalAddress),,,,,personalAddress,,,,,,0..1,X,personalAddress,,,,X,X
120,125,,,,Contact médecin,# Voir callerContact (type contact),,Type et valeur des URI utilisées par le patient concerné,,,contact,,,,,,0..n,X,contact,,,,X,X
121,126,,Identité INS,,,,,L'identitée du patient basée sur les règles de l'INS,,,identity,,,,,,0..1,X,insIdentity,,,X,X,X
128,133,,,Traits stricts de l'identité,,,,"L’Identité Nationale de Santé (INS) permet de référencer les données de santé avec une identité unique, pérenne, partagée par l'ensemble des professionnels du monde de la santé.
Elle est composée : 
 - Du matricule INS (NIR - numéro d’inscription au répertoire national des personnes physiques - ou NIA – numéro identifiant attente - de l’individu). Concrètement, ce numéro correspond au numéro de sécurité sociale pour les ouvrants-droits, c’est-à-dire la très grande majorité des personnes majeures. Pour les autres assurés, ce numéro figure sur leur attestation de sécurité sociale et sera affiché dans l’espace numérique de santé (Mon espace santé) ; 
- Des cinq traits stricts de référence (nom de naissance, prénom(s) de naissance, date de naissance, sexe, lieu de naissance).",,,strictFeatures,,,,,,0..1,X,insStrictFeatures,,,X,X,X
129,134,,,,Nom de naissance,,,Egalement appelé nom de famille.,Dupont,,birthName,,,,,,0..1,,string,,,,X,X
132,137,,,,Date de naissance,,,Date de naissance du patient,,,birthDate,,,,,,0..1,,date,,,X,X,X
133,138,,,,Sexe ,,,Sexe du patient,F,,sex,,,,,,0..1,,string,X,NOMENCLATURE: SI-SAMU-NOMENC_SEXE,X,X,X
135,140,,,Traits non stricts de l'identité,# Voir detailedName,,,Prénom et nom usuels,,,nonStrictFeatures,,,,,,0..1,X,detailedName,,,X,X,X
137,142,,Informations patient,,,,,,,,detail,,,,,,0..1,X,patientDetail,,,,X,X
138,143,,,Poids,,,,Poids en kilogrammes,31,,weight,,,,,,0..1,,integer,,,,X,X
139,144,,,Taille,,,,Taille en centimètres,109,,height,,,,,,0..1,,integer,,,,X,X
140,145,,,Age,,,,"Age du patient.
Au format Durée de la norme ISO 8601 (https://fr.wikipedia.org/wiki/ISO_8601#Dur%C3%A9e) en n'utilisant qu'une seule unité de durée (années, mois, semaines ou jours)",P6Y,,age,,,,,,0..1,,string,,"REGEX: P[0-9]{1,3}[YMWD]",,X,X
142,147,,Hypothèses de régulation médicale,,,,,,,,hypothesis,,,,,,0..1,X,hypothesis,,,,X,X
143,148,,,Hypothèse de régulation médicale principale,# Voir whatsHappen (type codeLabelComment),,,Hypothese diagnostique principale émise par le médecin régulateur du CRAA,,,mainDiagnosis,,,,,,0..1,X,codeLabelComment,X,,,X,X
144,149,,,Hypothèses de régulation médicale secondaires,# Voir whatsHappen (type codeLabelComment),,,Hypotheses diagnostiques secondaires émises par le médecin régulateur du CRAA,,,otherDiagnosis,,,,,,0..n,X,codeLabelComment,X,,,X,X
146,151,,Informations complémentaires sur le patient,,,,,Correspond à la zone de commentaire renseigné par patient créé/identifié,,,freetext,,,,,,0..n,,string,,,X,X,X
147,152,Interrogatoire médical,,,,,,Interrogatoire médical. Aussi appelé note de régulation médicale.,,,medicalNote,,,,,,0..n,X,medicalNote,,,,X,X
148,153,,ID patient partagé,,,,,"ID partagé du patient concerné, lorsque le patient existe et est identifié",,,id,,,,,,0..1,,string,,,,X,X
149,154,,Professionnel de santé qui réalise l'interrogatoire,# Voir operator,,,,Professionnel de santé qui réalise l'interrogatoire médical. ,,,operator,,,,,,0..1,X,operator,,,,X,X
150,155,,Date Heure de création de l'interrogatoire,,,,,Groupe date heure de création de l'interrogatoire.  L'indicateur de fuseau horaire Z ne doit pas être utilisé.,2022-09-27T08:23:34+02:00,,creation,,,,,,1..1,,datetime,,,,X,X
151,156,,Observations et commentaires,,,,,"Observations médicales du professionnel de santé qui réalise l'interrogatoire (texte libre)
Champ à utiliser pour aggréger l'ensemble des antécédents /traitements/allergies du patient si les catégories ne sont pas disctinctes dans le LRM",,,freetext,,,,,,1..1,,string,,,,X,X
152,157,,Antécédents,,,,,Texte libre  pour décrire les antécédents du patient,,,medicalHistory,,,,,,0..1,,string,,,,X,X
153,158,,Traitements,,,,,Texte libre  pour décrire les traitements du patient,,,treatments,,,,,,0..1,,string,,,,X,X
154,159,,Allergies,,,,,Texte libre pour décrire les allergies du patient,,,allergies,,,,,,0..1,,string,,,,X,X
155,160,Décisions,,,,,,Mesures prises par le Samu-Centre 15 en réponse à la demande exprimée en fonction de l’événement et de la situation du ou des patients,,,decision,,,,,,0..n,X,decision,,,X,X,X
156,161,,ID patient partagé,,,,,"ID partagé du patient concerné par la décision, lorsque le patient existe et est identifié",,,id,,,,,,0..1,,string,,,X,X,X
157,162,,Date Heure de création de la décision,,,,,Groupe date heure de création de la décision.  L'indicateur de fuseau horaire Z ne doit pas être utilisé.,2022-09-27T08:23:34+02:00,,creation,,,,,,1..1,,datetime,,,X,X,X
158,163,,Type de décision,,,,,Type de décision prise,conseil médical  / décision d’intervention / décision d’orientation et de transport / Pas de décision supplémentaire,,type,,,,,,1..1,,string,X,NOMENCLATURE: SI-SAMU-TYPEDEC,X,X,X
159,164,,Décision d'engagement,,,,,Partage de l'équipe à engager sur le lieu de l'intervention,,,engagementDetails,,,,,,0..1,X,engagementDetails,,,,,X
160,165,,,Type de moyen,,,,détaille le moyen à engager,"SMUR, Pompiers",,categoryType,,,,,,1..1,,string,X,NOMENCLATURE : TYPE_MOYEN,,,X
161,166,,,Type de vecteur,,,,détaille le type de vecteur à engager,"AR, VLM, VSAV",,resourceType,,,,,,0..1,,string,X,NOMENCLATURE : TYPE_VECTEUR,,,X
162,167,,,ID vecteur ,,,,,,,resourceId,,,,,,0..1,,string,,,,,X
163,168,,,Niveau de prise en charge,,,,"Type d’équipe (médical, paramédicale, non médicale, standard, incomplete, ...)","Médical, paramédical, secouriste",,teamCareInitial,,,,,,1..1,,string,,NOMENCLATURE : NIVSOIN,,,X
164,169,,Décision de transport/orientation,,,,,,,,transportDetails,,,,,,0..1,X,transportDetails,,,X,X,X
165,170,,,Type de devenir du patient,,,,"Décision(s) d'orientation prise par le médecin régulateur : 
- A transporter
- Laisser sur place","laissé sur place, décédé, ou transporté",,orientation,,,,,,1..1,,string,X,,X,X,X
167,173,,,ID vecteur partagé,,,,"Identifiant du véhicule terrestre / aérien / maritime de transport principal (= celui dans lequel se trouve le patient), permettant d'associer la décision à un véhicule spécifique + au patient. ",,,transportationID,,,,,,0..1,,string,,,X,X,X
168,174,,,Niveau de prise en charge,,,,"Type d’équipe (médical, paramédicale, non médicale, standard, incomplete, ...)","Médical, paramédical, secouriste",,teamCare,,,,,,1..1,,string,,NOMENCLATURE : NIVSOIN,X,X,X
169,175,,,Destination,,,,,,,destination,,,,,,0..1,X,destination,,,X,X,X
170,176,,,,Type de destination,,,"Indique le type de destination de la ressource : service d’urgences d’un Etablissement de santé, autres services d’un établissement de santé, cabinet d’un professionnel de santé, domicile personnel, EPHAD ou long séjour, autre",,,type,,,,,,0..1,,string,X,"ENUM: service d’urgences d’un Etablissement de santé, autres services d’un établissement de santé, cabinet d’un professionnel de santé, domicile personnel, EPHAD ou long séjour, autre",X,X,X
171,177,,,,Localisation de la destination,# Voir type location,,,,,destinationLocation,,,,,,0..1,X,location,,,X,X,X
173,179,Informations complémentaires,,,,,,,,,additionalInformation,,,,,,0..1,X,additionalInformation,,,X,X,X
174,180,,Clé valeur adaptable,,,,,Permet de rajouter quelques paires de champs,,,customMap,,,,,,0..3,X,customMap,,,X,X,X
175,181,,,Clé,,,,Nom de la balise,neighborhood,,key,,,,,,1..1,,string,,,X,X,X
176,182,,,Libellé,,,,Libellé correspondant,Quartier,,label,,,,,,0..1,,string,,,X,X,X
177,183,,,Valeur,,,,Valeur associée à la clé,LYON 2e arrondissement,,value,,,,,,1..1,,string,,,X,X,X
178,184,,,Détails,,,,Informations complémentaires sur le contexte / utilisation de ce matching additionnel,Précision sur le quartier d'intervention,,freetext,,,,,,0..1,,string,,,X,X,X
179,185,Description de l'affaire/dossier,,,,,,Texte libre permettant de donner des informations supplémentaires concernant l'affaire,,,freetext,,,,,,0..n,,string,,,X,X,X
