,ID,Donnée (Niveau 1),Donnée (Niveau 2),Donnée (Niveau 3),Donnée (Niveau 4),Donnée (Niveau 5),Donnée (Niveau 6),Description EMSI détaillé (FR),Description EMSI (EN),Description NexSIS EMSI-DC,Description NexSIS EMSI-EO,Exemples DC,Exemples EO,# Exemple DC vs EO,Usage NexSIS,Balise EMSI,Balise NexSIS,Nouvelle balise,Nantes - balise,Nantes - description,GT399,GT399 description,Priorisation,Priorisation2,Opportunité intégration RC-DE,Cardinalité EMSI,Cardinalité DC,Cardinalité EO,# cardinalité DC vs EO,Objet,Format (ou type),Nomenclatures,Détails de format,15-18,15-15
0,1,Contexte,,,,,,L'objet contexte fournit certaines informations contextuelles pertienentes pour l'échange opérationnel,Identifies the context of the EMSI.,,,,,,X,CONTEXT,,CONTEXT,,,,,,,,1..1,1..1,1..1,,X,context,,,X,
1,2,,Identifiant du message,,,,,"A constituer par le rédacteur du présent EMSI pour être unique, il est préconisé de reprendre la valeur du champ messageId de l'entête RC-DE.",Provides the identifier of the EMSI. It shall be unique.,Identifiant unique du message,ID unique généré,d350c9d2-9d76-4568-b0b7-a747ffadc949,d350c9d2-9d76-4568-b0b7-a747ffadc949,,X,ID,,ID,NR,Numéro de requête émise,,,,Pas tel quel,,1..1,1..1,1..1,,,string,,Longueur maximale : 40 caractères,X,
2,3,,Mode,,,,,Valeur constante dans le cadre des échanges LRM-NexSIS : ACTUAL,"States whether the EMSI is related to an actual event (ACTUAL value), an exercise (EXERCS value) or a test (SYSTEM value) for messages that support alert network internal functions or (TEST value) for technical testing only, all recipients disregard.",Valeur constante dans le cadre des échanges LRM-NexSIS : ACTUAL,Valeur constante : 'ACTUAL',ACTUAL,ACTUAL,,X,MODE,,MODE,,,,,,x,,1..1,1..1,1..1,,,string,,"ENUM: ACTUAL, EXERCS, SYSTEM, TEST",X,
3,4,,Type de message,,,,,"- A valoriser avec la valeur ""ALERT"" lors du premier échange entre systèmes.
- A valoriser avec la valeur constante ""UPDATE"" ensuite.
Peut ne pas être interprété par les LRM.",Describes the nature of the message. ,"RG1 : ALERT à la création du 1er message EMSI pour l'opération
RG 2 : UPDATE pour les messages EMSI suivants ayant la référence du 1er message","RG1 : ALERT à la création du 1er message EMSI pour l'opération
RG 2 : UPDATE pour les messages EMSI suivants ayant la référence du 1er message",UPDATE,UPDATE,,X,MSGTYPE,,MSGTYPE,,,,,,x,,1..1,1..1,1..1,,,string,,"ENUM: ACK, ALERT, CANCEL, ERROR, UPDATE",X,
4,5,,Date et heure de création,,,,,"Obligatoire dans le cadre d'une demande de concours, contient la date de création de la demande de concours dans le système du partenaire requérant.
A valoriser avec le même horaire que dateTimeSent dans le message RC-DE associé.",Describes the date and time when the EMSI was created.,"Dans le cadre d'une demande de concours, obligatoire. Ce champ est valorisée avec l'heure de création de la demande de concours chez le partenaire emetteur. L'heure d'envoi du message peut être obtenue via l'enveloppe EDXL-DE (se référer au DST)",now(),2022-09-27T08:25:54+02:00,2022-09-27T08:25:54+02:00,,X,CREATION,,CREATION,,,,,,"Pas tel quel, idéalement il nous faudrait l'heure de création de l'affaire",,0..1,1..1,0..1,X,,datetime,,Format datetime décrit dans le DSF,X,
5,6,,Lien,,,,,Optionnel,Provides a link to one or more EMSI files,"Dans le cadre d'une demande de concours, optionnel",,,,,X,LINK,,LINK,,,,,,,,0..n,0..n,0..n,,X,link,,,X,
6,7,,,ID,,,,A renseigner avec l'identifiant local de l'affaire du partenaire requérant,,<LINK><LINK ID> = <Numéro d'affaire initiale>,"RG 1  – : création du premier message EMSi suite réception Affaire
• <LINK><LINK ID> = <Numéro d'affaire initiale>
• <LINK><LINK ROLE> = 'ADDSTO',
RG 2 : Pour tous les messages créés après le premier, EMSI <LINK> est complété par <LINK><LINK ID> contenant l'ID de message EMSI précédent créé au sein du SGO rédacteur * <LINK><LINK ROLE> = 'SPRSDS'",samuA:CA126B445579GD4A67AV,samuA:CA126B445579GD4A67AV,,X,ID,,ID,,,,,,,1..1,1..1,1..1,1..1,,,string,,,X,
7,8,,,Rôle du lien,,,,"Optionnel : à valoriser avec la constante ""SPRSDS"" en EMSI-EO et avec le libellé ADDSTO en EMSI-DC",Define the relation of the linked EMSI.,,"RG 1  – : création du premier message EMSi suite réception Affaire * <LINK><LINK ID> = <Numéro d'affaire initiale>
• <LINK><LINK ROLE> = 'ADDSTO',
RG 2 : Pour tous les messages créés après le premier, EMSI <LINK> est complété par <LINK><LINK ID> contenant l'ID de message EMSI précédent créé au sein du SGO rédacteur * <LINK><LINK ROLE> = 'SPRSDS'",ADDSTO,ADDSTO,,X,LINK_ROLE,,LINK_ROLE,,,,,,x,,0..1,0..1,1..1,X,,string,,"ENUM: ADDSTO, SPRSDS",X,
8,9,,Niveau,,,,,"A valoriser avec la valeur constante ""OPR"" dans le cadre du message EMSI-EO",Describes the level of the node creating this EMSI file.,"Valeur constante dans le cadre d'une demande de concours : ""OPR""
Dans le cadre d'une demande de concours, optionnel",Valeur constante: OPR=operational ,OPR,OPR,,X,LEVEL,,LEVEL,,,,,,x,,0..1,0..1,1..1,X,,string,,"ENUM: STRTGC, OPR, TACTCL",X,
9,10,,Niveau de classification,,,,,Optionnel,Describes the security classification of the EMSI.,"Dans le cadre d'une demande de concours, optionnel","Les messages transmis par NexSIS auront un champ valorisé avec systématiquement le même code: ""RESTRC""=restricted
Les LRM doivent également renseigner la valeur ""RESTRC""",RESTRC,RESTRC,,X,SECLASS,,SECLASS,,,,,,x,,0..1,0..1,0..1,,,string,,"ENUM: CONFID, RESTRC, SECRET, TOPSRT, UNCLAS, UNMARK",X,
10,11,,Texte libre,,,,,"Texte libre, optionnel",Allows free text description. Max 500 characters,"Texte libre
Dans le cadre d'une demande de concours, optionnel"," Fonction de l'événement générateur
RG 1 : la valeur de <context><freetext> reste à  'Création d'un événement opérationnel EMSI' & version & 'suite à réception d'une affaire*' dans le cadre de la création d'une opération commune (conforme RG 2 de NEXSIS-6618)
RG 3 : les événements générateurs sont ceux définis au sein de NEXSIS-6619 RG 1 de traçabilité  ( input = <Evenement à l'origine> = CREATION_OPERATION / MAJ_MODIFICATION_ETAT_OPERATION / AJOUT_RESSOURCE / RETRAIT_RESSOURCE / MAJ_ETAT_SITUATION_RESSOURCE / MAJ_LOCALISATION_ADRESSE) auxquels seront ajoutés  les éventuels événements à venir.",Contexte de grand incendie à Nantes,Contexte de grand incendie à Nantes,,X,FREETEXT,,FREETEXT,,,,,,x,,0..1,0..1,0..1,,,string,,,X,
11,12,,Origine,,,,,Optionnel,Provides the identity of the creator of the EMSI.,"Dans le cadre d'une demande de concours, optionnel",,,,,,ORIGIN,,ORIGIN,,,,,,x,,0..1,0..1,0..1,,X,origin,,,X,
12,13,,,Origine ID,,,,"Optionnel, identifiant du service à l'origine de l'EMSI
Se référer au DSF pour la structure normée des organisations
Le format est le suivant {pays}.{domaine}.{code département}.{organisation}.{structure interne}*.{unité fonctionnelle}*.","The unique identifier of an organization
element.","Dans le cadre d'une demande de concours, optionnel",A constituer par le rédacteur du présent EMSI pour être unique,samuA,FR:Administration:44:CGO,X,X,ORG_ID,,ORG_ID,,,,,,x,,0..1,0..1,0..1,,,string,,,X,
13,14,,,ID d'utilisateur de l'origine,,,,"Optionnel, identifiant de l'opérateur du service à l'origine de l'EMSI",It provides the unique identifier of the user who created the EMSI. ,"Dans le cadre d'une demande de concours, optionnel",,samuA:crra:poste1234,/FF#bb511708-b004-4d7e-8820-1d56c19f1823,X,,USER_ID,,USER_ID,,,,,,x,,0..1,0..1,0..1,,,string,,,X,
14,15,,,Nom Origine ,,,,Optionnel,"It provides the name which identifies the agency and the EMSI node.
NOTE: Subsequently, other information such as contact point,
telephone number or address can be provided in this element.","Dans le cadre d'une demande de concours, optionnel",A constituer par le rédacteur pour être intelligible (exemple [structure].[nom]),Samu A,CGO 44,X,X,NAME,,NAME,,,,,,x,,0..1,0..1,0..1,,,string,,,X,
15,16,,Informations exterieures ,,,,,"Optionnel
Permettra à terme d'indiquer des liens vers des objets du SGV de NexSIS","Describes links to additional external infor- mation.
Originators should consider how this reference may affect the interpretation of the EMSI in the case where the referenced external information is not available to the recipient.","Dans le cadre d'une demande de concours, optionnel",,,,,X,EXTERNAL_INFO,,EXTERNAL_INFO,,,,,,x,,0..n,0..n,0..n,,X,externalInfo,,,X,
16,17,,,Texte libre ,,,,Optionnel,Allows free text description of the external information.,"Dans le cadre d'une demande de concours, optionnel",sera utilisé à terme pour partager le lien vers le Event HUB et l'historique de l'affaire,Texte libre informatif sur l'origine de l'appel,,X,,FREETEXT,,FREETEXT,,,,,,x,,0..1,0..1,0..1,,,string,,,X,
17,18,,,URI informations extérieures,,,,Optionnel,Provides a full absolute URI,"Dans le cadre d'une demande de concours, optionnel",,piece jointe,289d6939-d225-4c71-9a56-68c03ada2f5e,X,,URI,,URI,,,,,,x,,1..1,1..1,1..1,,,string,,,X,
18,19,,,Type,,,,Optionnel,Describes the type of the attached information. Table B.7 — CONTEXT EXTERNAL_INFO TYPE,"Dans le cadre d'une demande de concours, optionnel",,MANUAL,SPRSDS,X,,TYPE,,TYPE,,,,,,x,,0..1,0..1,0..1,,,string,,"ENUM: MANUAL, MAP, OTHER, PHOTO, WEBSIT",X,
19,20,,Niveau d'urgence de l'événement,,,,,"Niveau d'urgence pour l'affaire en cours
Dans le cadre des échanges LRM-NexSIS, optionnel",Defines the urgency of the message. ,"Dans le cadre d'une demande de concours, optionnel",,URGENT,URGENT,,,URGENCY,,URGENCY,,,,,,x,,0..1,0..1,0..1,,,string,,"ENUM: URGENT, NOT_URGENT",X,
20,21,Evenement,,,,,,,Describes the event that the EMSI relates to.,,Objet générique EVENT,,,,,EVENT,,EVENT,,,,,,,,1..1,1..1,1..1,,X,event,,,X,
21,22,,Identifiant local de l'affaire,,,,,Identifiant local de l'affaire dans le système du partenaire emetteur,Describes the identifier of the event for the creator of the EMSI. Unique inside the node.,,ID NEXSIS-EMSI de l'événement,samuA:CA126B445579GD4A67AV,FR:NEXSIS:44:CGO:20231027_00002,X,X,ID,,ID,,,,,,,,1..1,1..1,1..1,,,string,,,X,
22,23,,Nom donné à l'événement,,,,,Optionnel,Provides a name for the event. It is the responsibility of the node to have unique event names.,,"[libelle NF 1 métier] & "" - "" & [libelle TL 1 métier] & "" - "" & [libellé commune]",Grand incendie Nantes,Grand Incendie Nantes,X,,NAME,,NAME,,,,,,x,,0..1,0..1,0..1,,,string,,,X,
23,24,,Identifiant de l'affaire,,,,,"Identifiant d’affaire partagé issu du message RC-EDA transmis en amont
NB : Dans le cas d’un partage initié par un SAMU, on peut avoir EVENT.ID = EVENT.MAIN_EVENT_ID",Provides a link to the main event ift he current event is a sub-event of this main event,,Numéro d'affaire CISU,samuA:CA126B445579GD4A67AV,samuA:CA126B445579GD4A67AV,,,MAIN_EVENT_ID,,MAIN_EVENT_ID,,,,,,,,0..1,1..1,0..1,X,,string,,,X,
24,25,,Type de l'événement,,,,,Optionnel,"The type of the event, which is the collation of
several facets.",,,,,,X,ETYPE,,ETYPE,,,,,,Pas dispensable à priori car actor utilisé dans les effets à obtenir,,0..1,0..1,0..1,,X,etype,,,X,
25,26,,,Catégorie d'événement,,,,Le champ peut ne pas être interprété ou renseigné avec une valeur comme 'UKN' = 'UNKOWN',The description of the scenario which leads to the event. Table B.12 — EVENT ETYPE CATEGORY,,A constituer depuis ref_mapping_EMSI<ETYPE><CATEGORY>_NEXSIS,FIR,/FIR,X,X,CATEGORY,,CATEGORY,,,,,,Utilisé par NexSIS,,1..n,1..n,1..n,,,string,,NOMENCLATURE: EMSI-EVENT.ETYPE.CATEGORY,X,
26,27,,,Acteurs,,,,"Dans de futures versions de NexSIS, les demandes de concours seront diffusées à plusieurs partenaires. Seul le système de la force concernée par la demande de concours devra répondre effectivement à la demande. Ce système de la force concernée sera identifié comme le ""concourant"" à la demande de concours.
Le libellé du champ ACTOR permet d'identifier le concourant souhaité dans la demande de concours. Pour les premières implémentations du contrat d'interface 15-18, il n'y a pas de nécessité pour les systèmes récepteurs de filtrer les demandes de concours reçues via le Hub Santé.
Le champ MISSION TYPE permet en complément d'identifier l'effet à obtenir souhaité à partir de la combinaison du code ACTOR et du code TYPE.
Le transcodage entre ces deux nomenclature est décrit dans l'annexe ""Référentiel Effets à Obtenir - correspondance EMSI""",Describes the type of the endangered object(s). Table B.11 — EVENT ETYPE ACTOR,,"Décrit les objets/ acteurs impliqués
A constituer depuis ref_mapping_EMSI<ETYPE><CATEGORY>_NEXSIS ( plusieurs champs NEXSIS, plusieurs valeurs par champs)",PPL,/PPL/GRP,X,X,ACTOR,,ACTOR,,,,,,Utilisé par NexSIS,,1..n,1..n,1..n,,,string,,NOMENCLATURE: EMSI-EVENT.ETYPE.ACTOR,X,
27,28,,,Type de localisation,,,,"Le champ peut ne pas être affiché. Par défaut, possible de renvoyer le code ""OTH"" =  ""OTHER""",Describes the type of the location where the event is taking place. Table B.14 — EVENT ETYPE LOCTYPE,,A constituer depuis ref_mapping_EMSI <loctype>,FLAM,/URB/STRT,X,X,LOCTYPE,,LOCTYPE,,,,,,Utilisé par NexSIS mais nomenclature sans valeur ajoutée,,1..n,1..n,1..n,,,string,,,X,
28,29,,,Environnement,,,,Optionnel,Describes the general environment (or context) of the event. Table B.13 — EVENT ETYPE ENV,,,CDIS/RIOT,,X,,ENV,,ENV,,,,,,,,0..1,0..1,0..1,,,string,,NOMENCLATURE: EMSI-EVENT.ETYPE.ENV,X,
29,30,,Source,,,,,Optionnel,Describes the origin of the declaration of the event.,,"Possible values are: COMFOR (computer forecast), HUMDED
(human deduction), HUMOBS (human observation), SENSOR
(sensor observation).",COMFOR,HUMOBS,X,,SOURCE,,SOURCE,,,,,,x,,0..1,0..1,0..1,,,string,,"ENUM: COMFOR, HUMDED, HUMOBS, SENSOR",X,
30,31,,Echelle de sévérité de l'environnement,,,,,Optionnel,"Describes the severity of the event.
— Level 1 — The event is dealt with by resources deployed on
the initial pre-planned response.
— Level 2 — The event is dealt with by resources deployed solely by the affected organization.
— Level 3 — The event is dealt with by resources deployed by the affected organization, supported by mutual aid assistance from neighbouring
organizations under normal arrangements.
— Level 4 — The event is dealt with by resources deployed by the affected organization, supported by mutual assistance
from organizations anywhere within the affected country. This assistance may be obtained through the use of a national
co-ordination centre.
— Level 5 — This response level covers the management of any incoming aid to help the organization respond to an event and will be facilitated by the affected government using the existing protocols used by the United Nations, the European Union and the North Atlantic Treaty Organization (NATO).",,Niveau de criticité de l'opération,3,2,X,X,SCALE,,SCALE,,,,,,x,,0..1,0..1,0..1,,,string,,"ENUM: 1, 2, 3, 4, 5",X,
31,32,,Fiabilité,,,,,"Prend une valeur entière entre 0 et 100
Optionnel","Provides a percentage probability of occurrence of the event.
NOTE: This is typically used for computerised prediction of a future event such as a flood prediction according to meteorological models.",,A quel point l'alerte associée à l'événement est fiable,95,100,X,,CERTAINTY,,CERTAINTY,,,,,,x,,0..1,0..1,0..1,,,integer,,,X,
32,33,,Date de déclaration de l'event,,,,,"Dans le cadre d'une demande de concours, ce champ est valorisé avec la date/heure de création de l'affaire ou de l'opération.
NexSIS transmettra la date/heure de création de l'opération dans ses systèmes (qui peut diverger de la date/heure de création de l'affaire)",Describes the date and time of the declaration of the event. This may refer to a future occurrence.,,GH création opération,2022-09-27T08:24:50+02:00,2022-09-27T08:24:50+02:00,,X,DECL_DATIME,,DECL_DATIME,,,,,,date de réception de l'alerte ?,,0..1,0..1,0..1,,,datetime,,Format datetime décrit dans le DSF,X,
33,34,,Décrit la date et le lieu de l'événement,,,,,"Dans le cadre d'une demande de concours, ce champ est valorisé avec la date de la première alerte ou la date évaluée de début de la situation d'urgence.
Par exemple :
Si un incendie est déclaré est 9h02, il a pu démarré à 8h55 par exemple.
NB : temporairement, NexSIS renseignera ce champ avec la date de réception de l'alerte initiale",Describes the date and time of the occur- rence of the event. This may refer to a future occurrence.,,GH arrivée première alerte de l'affaire,2022-09-27T08:20:50+02:00,2022-09-27T08:20:50+02:00,,X,OCC_DATIME,,OCC_DATIME,,,,,,x,,0..1,0..1,0..1,,,datetime,,Format datetime décrit dans le DSF,X,
34,35,,Date à laquelle l'observation la plus récente a été réalisée,,,,,"Ce champ est idéalement à valoriser avec la date/heure à laquelle l'observation de la situation d'urgence de l'affaire la plus récente a été réalisée.
NexSIS transmettra la date/heure d'envoi de la demande de concours dans son système.
NB : temporairement, NexSIS renseignera ce champ avec la date de réception de l'alerte initiale",Describes the date and time of the information contained in this EMSI,,now(),2022-09-27T08:26:00+02:00,2022-09-27T08:26:00+02:00,,X,OBS_DATIME,,OBS_DATIME,,,,,,utile,,0..1,0..1,0..1,,,datetime,,Format datetime décrit dans le DSF,X,
35,36,,Status,,,,,"Permet de décrire le status de l'affaire en cours.
Ce champ suit une nomenclature EMSI. (COM = event complete, IPR = event in progress, NST = event not started, STOP = STOP = event under control, no need for additional resource)
Dans le cadre d'une opération :
- si l'opération est encore en cours : rensigner 'IPR',
- si le dispatching de moyens est encore en cours ou que seulement des qualifications d'alertes ont été échangées sans aucune décision de régulation 'NST',
- si l'opération est en pause/veille : 'STOP'
- si le message d'échange opérationnel décrit une fin d'opération, à renseigner avec 'COM'
Un message EMSI-EO sans RESSOURCE ni ",Describes the current status of the event.,,"• NST : événement non débuté pour le métier (Not STarted)
• IPR :  événement débuté pour le métier (In PRogress)
• STOP : événement arrêté, en pause pour métier, pas de besoin supplémentaire
• COM : événement terminé pour le métier (COMplete)",IPR,IPR,,X,STATUS,,STATUS,,,,,,utile pour savoir si affaire cloturée par ex,,0..1,0..1,0..1,,,string,,"ENUM: COM, IPR, NST, STOP",X,
36,37,,Prédiction sur le risque d'évolution de l'event,,,,,Optionnel,"States the predicted evolution of the event.
COM = event complete, IPR = event in progress, NST = event not started, STOP = STOP = event under control, no need for additional resource",,,STABLE,,X,,RISK_ASSESMENT,,RISK_ASSESMENT,,,,,,x,,0..1,0..1,0..1,,,string,,"ENUM: NCREA, DECREA, STABLE",X,
37,38,,Lien vers d'autres objets événements EMSI,,,,,"Optionnel
Peut être renseigné avec les identifiants de l'affaire traitées dans d'autres systèmes partenaires","Provides the list of events identifiers which may be related to the same event.
The software using the EMSI files in different nodes shall provide the capability to map identifiers for the same event coming from different nodes.",,,,,,,REFERENCE,,REFERENCE,,,,,,x,,0..n,0..n,0..n,,X,reference,,,X,
38,39,,,ID de l'organisation,,,,Identification de l'organisation partenaire,"Defines the unique identifier for a node creating the EMSI.
If the element OTHER_EVENT_ID is provided.",,,samuC,FR:Administration:44:CGO,X,,ORG_ID,,ORG_ID,,,,,,,,1..1,1..1,1..1,,,string,,,X,
39,40,,,ID des autres event,,,,Indique d'autres identifiants utilisés pour l'affaire dans le système partenaire,"States the identifiers for the same event, used by other agencies.",,,samuC:DB326B5RC279GD4A67ZY,FR:NEXSIS:44:CGO:20231027_00002,X,,OTHER_EVENT_ID,,OTHER_EVENT_ID,,,,,,,,1..n,1..n,1..n,,,string,,,X,
40,41,,Victimes,,,,,"Dans le cadre d'une demande de concours, optionnel. Le champ peut ne pas être émis ni interprété","Provides the number of the actual or predicted casualties.
This is the description of the actual casualties if there is no DATIME element or for predicted casualties, at the time of the DATIME element.",,,,,,,CASUALTIES,,CASUALTIES,,,,,,x,a priori le modèle EMSI de gestion des victimes ne dit rien à Airtable,0..n,0..n,0..n,,X,casualties,,,X,
41,42,,,Contexte,,,,Le champ doit être renseigné mais peut ne pas être interprété,"Defines the context related to the casualties element.
REQ_ACTION (requiring action) ALR_TREATED (already treated) PRED_URGENT (predicted urgent) PRED_MEDIUM (predicted medium term)
INITIAL_STAT = unconfirmed initial statement, indicates the
nature of the event
PRELIM_STAT = preliminary assessment, made by an emergency responder on scene, who may not be qualified to perform triage but whose description of the incident is accepted.",,,REQ_ACTION,,X,,CONTEXT,,CONTEXT,,,,,,,,1..1,1..1,1..1,,,string,,,X,
42,43,,,Timestamp du contexte,,,,Optionnel,Describes the date and time of the predicted context.,,,2022-09-27T08:00:00+02:00,,X,,DATIME,,DATIME,,,,,,,,0..1,0..1,0..1,,,datetime,,Format datetime décrit dans le DSF,X,
43,44,,,Décontamination,,,,Optionnel,Provides the number of casualties who need treatment against CBRN agents in the current context.,,,0,,X,,DECONT,,DECONT,,,,,,,,0..1,0..1,0..1,,,integer,,,X,
44,45,,,Triage Rouge,,,,Optionnel,"Provides the number of casualties at the “RED” priority level in the current context - highest priority for treatment or evac- uation, as urgent resuscitative interventions are required to ensure survival of the casualty.",,Triage victime au sens EMSI,0,,X,,TRIAGERED,,TRIAGERED,,,,,,,,0..1,0..1,0..1,,,integer,,,X,
45,46,,,Jaune,,,,Optionnel,"Provides the number of casualties at the “YELLOW” priority level in the current context - comprises cases that require early treatment, particularly surgery, and it is recommended that evacuation to a surgical facility takes place within 6 h of injury. ",,,1,,X,,TRIAGEYELLOW,,TRIAGEYELLOW,,,,,,,,0..1,0..1,0..1,,,integer,,,X,
46,47,,,Vert,,,,Optionnel,Provides the number of casualties at the “GREEN” priority level in the current context. Treatment is less urgent in this category and can be deferred if there are other casualties requiring limited treatment or evac- uation assets.,,,0,,X,,TRIAGEGREEN,,TRIAGEGREEN,,,,,,,,0..1,0..1,0..1,,,integer,,,X,
47,48,,,Noir,,,,Optionnel,"Provides the number of casualties at the “BLACK” priority level in the current context. This category refers to casualties whose injuries or illnesses are so serious that they have minimal chances of survival or who are dead on arrival. Should there be competition for limited medical resources, such cases will have lower priority for evacuation or treatment, despite the severity of their condition. ",,,0,,X,,TRIAGEBLACK,,TRIAGEBLACK,,,,,,,,0..1,0..1,0..1,,,integer,,,X,
48,49,,,Disparus,,,,Optionnel,"Provides the number of individuals reported or presumed missing, kidnapped, etc. in the current context.",,,0,,X,,MISSING,,MISSING,,,,,,,,0..1,0..1,0..1,,,integer,,,X,
49,50,,Evacués,,,,,Optionnel,Provides the number of the evacuated people,,,,,,,EVAC,,EVAC,,,,,,x,,0..n,0..n,0..n,,X,evac,,,X,
50,51,,,timestamp,,,,Optionnel,It provides the date and time of the predicted context.,,,2022-09-27T10:00:00+02:00,,X,,DATIME,,DATIME,,,,,,,,0..1,0..1,0..1,,,datetime,,Format datetime décrit dans le DSF,X,
51,52,,,déplacés,,,,Optionnel,Provides the number of people who are moved due to the event in the current context.,,,0,,X,,DISPLACED,,DISPLACED,,,,,,,,0..1,0..1,0..1,,,integer,,,X,
52,53,,,évacués,,,,Optionnel,Provides the number of individuals who are undergoing the process of being moved in the current context.,,,1,,X,,EVACUATED,,EVACUATED,,,,,,,,0..1,0..1,0..1,,,integer,,,X,
53,54,,Localisation de l'événement,,,,,"Optionnel
En effet, la localisation de l'affaire est déjà renseignée antérieurement et le lieu d'intervention souhaité est précisé dans un objet MISSION. Reprécise les coordonnées GPS de la localisation de l'affaire.",Provides the geographical location of the event. Several geographical locations could be provided.,,,,,,X,EGEO,,EGEO,,,,,,,,0..n,0..n,0..n,,X,egeo,,,X,
54,55,,,Date des dernières remontées de localisation,,,,"Optionnel
La localisation de l'affaire est transmise en amont dans un message RC-EDA et le lieu souhaité pour l'intervention est systématiquement reprécisé dans un objet MISSION","Describes the date and time for this geographical location. When provided, this element provides the date and time for a forecast. If it is not provided, it indicates that the information describes the current situation",,,2022-09-27T08:26:00+02:00,2022-09-27T08:26:00+02:00,,X,DATIME,,DATIME,,,,,,x,date création affaire,0..1,0..1,0..1,,,datetime,,Format datetime décrit dans le DSF,X,
55,56,,,Type de localisation,,,,"Optionnel
La localisation de l'affaire est transmise en amont dans un message RC-EDA et le lieu souhaité pour l'intervention est systématiquement reprécisé dans un objet MISSION","Describes the type of area. If geographical information can be classified with several types, it shall provide several EGEO elements. One main EGEO element shall describe the details of the area (including the EGEO/ POSITION element with a EGEO/POSITION/COORD sub-element and a EGEO/POSITION/LOC_ID element). Then other EGEO ele- ments (of the other types) shall also provide a EGEO/POSITION element providing the same value for the EGEO/POSITION/ LOC_ID (and without repeating the COORD values). cf. Table B.9 — EVENT EGEO TYPE",,"A constituer depuis ref_mapping_EMSI_EVENT_EGEO_TYPE_NEXSIS_
/!\ plusieurs champs NEXSIS
/!\ plusieurs valeurs par champs d'où un groupe<EGEO> à créer par type différents",FLAME,/HLT,X,X,TYPE,,TYPE,,,,,,,,1..1,1..1,1..1,,,string,,NOMENCLATURE: EMSI-EVENT.EGEO.TYPE,X,
56,57,,,Condition météo,,,,"Optionnel
La localisation de l'affaire est transmise en amont dans un message RC-EDA et le lieu souhaité pour l'intervention est systématiquement reprécisé dans un objet MISSION","Where several WEATHER elements are present, all are
applicable.
The complete list of values is in the codes dictionary. Table B.10 — EVENT EGEO WEATHER",,,HUM/RAIN,,X,,WEATHER,,WEATHER,,,,,,x,,0..n,0..n,0..n,,,string,,NOMENCLATURE: EMSI-EVENT.EGEO.WEATHER,X,
57,58,,,Description de l'événement,,,,"Optionnel
La localisation de l'affaire est transmise en amont dans un message RC-EDA et le lieu souhaité pour l'intervention est systématiquement reprécisé dans un objet MISSION","Provides free text information for
description of the location and its
significance in the context of the event.",,,Un peu de pluie vers 8h,,X,,FREETEXT,,FREETEXT,,,,,,x,,0..1,0..1,0..1,,,string,,,X,
58,59,,,Position de l'opération,,,,"Optionnel
La localisation de l'affaire est transmise en amont dans un message RC-EDA et le lieu souhaité pour l'intervention est systématiquement reprécisé dans un objet MISSION","Provides the position of the EGEO element. All elements of POSITION are optional, but at least one shall be provided. ",,,,,,,POSITION,,POSITION,,,,,,,,1..1,1..1,1..1,,X,positionEgeo,,,X,
59,60,,,,ID position,,,"Optionnel
La localisation de l'affaire est transmise en amont dans un message RC-EDA et le lieu souhaité pour l'intervention est systématiquement reprécisé dans un objet MISSION. 
Lorsque le lieu d'intervention est identique à celle d'une position de l'affaire partagée dans le message RC-EDA, le champ MISSION.RGEO.POSITION.LOC_ID doit être alimenté valorisé comme le champ eventLocation.locId du message RC-EDA envoyé en amont. ","Defines the identifier for this geographical area (for later reference). Unique inside an event for the node.
MISSION : Provides an identifier, which is unique inside the current EMSI file. This identifier can be used in another part of the EMSI in order to avoid duplicating the same position object (cf. the explanation of the TYPE element for an example of the use of this element).
RESSOURCE : Provides an identifier, which is unique inside the current EMSI file.",id composé P + valeur entière de X-Y-Z,id composé P + valeur entière de X-Y-Z,111fb03a-6fd9-41e0-8e81-990c45188887,111fb03a-6fd9-41e0-8e81-990c45188887,,X,LOC_ID,,LOC_ID,,,,,,reprendre locId affaire,,1..1,1..1,1..1,,,string,,,X,
60,61,,,,Nom de position,,,"Optionnel, non utilisé par NexSIS nom de lieu","NOTE: It is the responsibility of the agency to define a consistent approach to naming locations, for example, using names from a particular map, or, in a multi-lingual marked area, such as Belgium or Wales, putting both names in separated by a “/”.",,,Lycée Pierre de Coubertin,Lycée Pierre de Coubertin,,,NAME,,NAME,,,,,,,,0..1,0..1,0..1,,,string,,,X,
61,62,,,,Type,,,"Optionnel
Dans le cadre de l'interface LRM NexSIS, seul le libellé POINT doit obligatoirement être interprétable par les deux partenaires.
Cf. Nomenclature EMSI - POSITION pour plus de détails","Provides the type of the geographical element.
It is required to provide this element if there is a COORD element.
The following types are defined: POINT = one single geographical point, CIRCLE = one circle defined by the centre and any of the points of the circumference, LINE = a list of points which create a line, SURFACE = a closed surface, GRID = a set of single points, POLYGON = a list of points which are creating a closed line. ELLIPSE = one ellipse defined by 3 points: the position of the 2 foci points, and one position on the contour.",,,POINT,POINT,,X,TYPE,,TYPE,,,,,,,,0..1,0..1,0..1,,,string,,,X,
62,63,,,,Indication sur l'utilisation de la balise altitude,,,Optionnel,"Provides the definition of the height parameter in the COORD element.
Values can be: MIN (minimum), MAX (maximum), AVE (average).",,,MIN,MIN,,,HEIGHT_ROLE,,HEIGHT_ROLE,,,,,,,,0..1,0..1,0..1,,,string,,,X,
63,64,,,,Système de coordonnées,,,Optionnel,"Provides the definition of
the coordinate system in the
COORD element.",,,EPSG-4326,EPSG-4326,,,COORDSYS,,COORDSYS,,,,,,,,0..1,0..1,0..1,,,string,,,X,
64,65,,,,Coordonnées,,,,,,,,,,,COORD,,COORD,,,,,,,,0..n,0…n,0…n,,X,coord,,,X,
65,66,,,,,Latitude ,,"Optionnel. 
Dans le cas où aucun LOC_ID n'est transféré, permet de localiser le lieu d'intervention souhaité
",Defines the latitude of the point in the provided coordinate system.,"dernière coordonnée x  connue de la ressource
",,47.221866,47.221866,,X,LAT,,LAT,,,,,,,,1..1,1..1,1..1,,,number,,,X,
66,67,,,,,Longitude,,"Optionnel. Dans le cas où aucun LOC_ID n'est transféré, permet de localiser le lieu d'intervention souhaité
",Defines the longitude of the point in the provided coordinate system.,"dernière coordonnée y  connue de la ressource
between −90 and +90",,-1.575807,-1.575807,,X,LONG,,LONG,,,,,,,,1..1,1..1,1..1,,,number,,,X,
67,68,,,,,Altitude,,"Optionnel. Dans le cas où aucun LOC_ID n'est transféré, permet de localiser le lieu d'intervention souhaité
",Defines the height above mean sea level in metres.,"dernière coordonnée z  connue de la ressource
between −180 and +180",,1,1,,X,HEIGHT,,HEIGHT,,,,,,,,0..1,0..1,0..1,,,number,,,X,
68,69,,,,Adresse,,,"Optionnel. Dans le cas d'un partage de position, les adresses transmises ne sont pas structurées.",Provides a physical address for this position.,Localisation textuelle de l'opération,Localisation textuelle de l'opération,Nantes centre ville,Nantes centre ville,,X,ADDRESS,,ADDRESS,,,,,,problème,,0..n,0..n,0..n,,,string,,,X,
69,70,,Cause,,,,,Optionnel,"Cause of this event. Valid values are: ACC = accidental, DEL = deliberate, NAT = natural",,,ACC,ACC,,,CAUSE,,CAUSE,,,,,,x,,0..1,0..1,0..1,,,string,,"ENUM: ACC, DEL, NAT",X,
70,71,,Texte libre,,,,,Optionnel,Provides free text information for describing the event. Max 500 characters ,,,Maison sur le côté droit de la route,,X,X,FREETEXT,,FREETEXT,,,,,,x,,0..1,0..1,0..1,,,string,,,X,
71,72,Missions,,,,,,"Une demande de concours est modélisée via un objet ""Mission"". Lorsque le champ <MISSION.NAME> respecte certaines conventions de nommage, le message EMSI en question est un message EMSI-DC
Dans le cadre d'un message d'échange des opérations, un objet MISSION peut répondre à deux usages :
- Répondre à une demande de concours
- Détailler l'intervention et les ressources engagées par un des partenaires
Un partenaire n'est pas tenu de retransmettre le détail des missions conduites par les autres partenaires. Il transmet exclusivement les missions concernant les ressources lui appartenant.","Describes the missions which are completed, are ongoing, or are planned and is related to the event and context reported in the EMSI","Une demande de concours est modélisée via un objet ""Mission"". Lorsque le champ <MISSION.NAME> respecte certaines conventions de nommage, le message EMSI en question est un message EMSI-DC",Liste des missions rattachées à l'affaire,,,,,MISSION,,MISSION,,,,,,,,0..n,0..n,0..n,,X,mission,,,X,
72,73,,Type,,,,,"Le champ MISSION TYPE permet d'identifier l'effet à obtenir souhaité à partir de la combinaison du code ACTOR et du code TYPE.
=> La table de transcodage permettant d'identifier les concourants et les effets à obtenir à partir d'un code EMSI est fournie en annexe ""Référentiel Effets à Obtenir - correspondance EMSI"".
Dans le cadre d'une réponse à DC :
- reprendre le type de la DC si le code réponse choisi est vien ""VALIDE""
Dans le cadre d'une mission décrivant les opérations en cours :
- reprendre la nomenclature EMSI pour caractériser la mission en cours.",Defines the type of the mission. Table B.15 — MISSION TYPE,,"• '/FF' (valeur par défaut pour NexSIS à la création du 1er message EMSI
• A constituer depuis ref_mapping_EMSI <loctype> dés existante d'une mission opérationnelle",/SAV/ASC,/SAV,X,X,TYPE,,TYPE,,,,,,,,1..1,1..1,1..1,,,string,,NOMENCLATURE: EMSI-MISSION.TYPE,X,
73,74,,Texte libre,,,,,Contient des commentaires relatifs aux objectifs et  moyens sollicités dans le cadre de la demande de concours. Les équipements supplémentaires souhaités ou le nom/ prénom des patients à prendre en charge peuvent être explicitement indiqués ici.,Provides free text description of the mission.,,,Besoin d'un grand véhicule car patients à prendre en charge volumineux. Ne pas utiliser les gyrophares en approche,,X,X,FREETEXT,,FREETEXT,,,,,,,,0..1,0..1,0..1,,,string,,,X,
74,75,,Identifiant de la mission,,,,,"Contient un identifiant de demande de concours unique. Cet identifiant sera réutilisable par le partenaire pour répondre à cette demande.
Identifiant unique de la mission dans le système du partenaire la conduisant.","Defines the unique identifier of the
mission inside the current node.",,,/FF#bb511708-b004-4d7e-8820-1d56c19f1823,/FF#bb511708-b004-4d7e-8820-1d56c19f1823,,X,ID,,ID,,,,,,,,0..1,1..1,0..1,X,,string,,,X,
75,76,,Identifiant de l'organisation propriétaire,,,,,"Indique l'organisation du partenaire concerné par la Demande de Concours (voir DSF 8.4). Le code CRRA ou le code du SIS peut être utilisé.
Indique l'organisation du service réalisant la mission. Dans le cas d'une réponse, c'est l'organisation du concourant qui doit être indiquée.
Se référer au DSF pour la structure normée des organisations
Le format est le suivant {pays}:{domaine}:{code département}:{organisation}:{structure interne}*:{unité fonctionnelle}*.",Defines the unique identifier of the node which controls the mission. It can be omitted if the mission is controlled by the node which provides the EMSI.,identique à <CONTEXT><ORIGIN><ORG_ID>,identique à <CONTEXT><ORIGIN><ORG_ID>,FR:Administration:44:CGO,FR:Administration:44:CGO,,X,ORG_ID,,ORG_ID,,,,,,,,0..1,0..1,0..1,,,string,,,X,
76,77,,Nom de la mission,,,,,"Le nom de la mission est construit à partir de l'expression régulière suivante :
""#DEMANDE_CONCOURS#""{libelle_cadre_conventionnel}""#""{code_cadre_conventionnel}""#""
où le code_cadre_conventionnel est issue d'une nomenclature CISU-Cadre Conventionnel (A Venir)
NB : ce champ est détourné par rapport au standard EMSI pour permettre l'expression d'une demande de concours et indiquer le cadre conventionnel dans lequel elle est effectuée.
Pour une réponse à demande de concours :
- Le nom de la mission est construit à partir de l'expression régulière suivante :
""#REPONSE_DEMANDE_CONCOURS#""{code_reponse}""#""
où le code_reponse peut prendre les valeurs ACCEPTE, REFUS, PARTIELLE, DIVERGENTE
- sinon libre","Defines the name for the mission.
For example, “evacuation of the area of Elancourt”.","Le nom de la mission est construit à partir de l'expression régulière suivante :
""#DEMANDE_CONCOURS#""{libelle_cadre_conventionnel}""#""{code_cadre_conventionnel}""#""
NB : ce champ est détourné par rapport au standard EMSI pour permettre l'expression d'une demande de concours",Nom donné à la mission,#DEMANDE_CONCOURS#CARENCE#Z.01.00.00#,Secours à Incendie,X,X,NAME,,NAME,,,,,,,,0..1,1..1,0..1,X,,string,,,X,
77,78,,Status de la mission,,,,,"Les valeurs possibles avec lesquelles valoriser ce champ sont détaillées au sein d'une nomenclature EMSI
- ABO : mission refusée (ABOrted)
- CANCLD : mission annulée (CANCeLeD)**
- NST : mission non débuté pour le métier (Not STarted)
- IPR :  mission débuté pour le métier (In PRogress). la valeur IPR peut être suivi d'une valeur numérique de 00 à 100 (IPRnn) spécifiant le degré d'avancement de la mission. Ce principe n'est pas retenu au sein de NexSIS qui ne transmettra pas d'indication sur le degré d'avancement de la mission via ce champ.
- PAU : événement arrêté, en pause pour métier, pas de besoin supplémentaire
- COM : événement terminé pour le métier (COMplete)
Le status de la mission et celui des RESSOURCE associées doit être cohérent et transcodable avec un status ANTARES (voir DSF)

Dans le cas d'un objet MISSION générique de réponse à demande de concours, le champ doit être valorisé à ""NST""",Defines the current status of the mission.,,"• ABO : mission refusée (ABOrted)
• CANCLD : mission annulée (CANCeLeD)**
• NST : mission non débuté pour le métier (Not STarted)
• IPR :  mission débuté pour le métier (In PRogress)
• PAU : événement arrêté, en pause pour métier, pas de besoin supplémentaire
• COM : événement terminé pour le métier (COMplete)
nota : la valeur IPR peut être suivi d'une valeur numérique de 00 à 100 (IPRnn) spécifiant le degré d'avancement de la mission. Ce principe n'est pas retenu au sein de NexSIS mais sa  présence dans un EMSI en lecture doit être pris en compte.",IPR,IPR,,X,STATUS,,STATUS,,,,,,,,0..1,0..1,0..1,,,string,,"ENUM: ABO, NST, CANCLD, COM, IPR, PAU",X,
78,79,,Début de la mission,,,,,"- Dans le cadre d'une réponse à Demande de Concours
Horraire cible pour l'arrivée sur les lieux décrites (peut diverger de l'horaire demandé)
- Dans le cadre d'une mission décrivant les opérations en cours :
Horaire effectif de début de la mission",Describes the date and time of the Start of the mission.,GH de d'ajout de la ressource <RESOURCE_ID> associé à la mission à l'opération métier,GH de d'ajout de la ressource <RESOURCE_ID> associé à la mission à l'opération métier,2022-09-27T08:21:00+02:00,2022-09-27T08:25:00+02:00,X,X,START_TIME,,START_TIME,,,,,,,,0..1,1..1,0..1,X,,datetime,,,X,
79,80,,Fin de la mission,,,,,"A valoriser selon la catégorie de mission :
- Dans le cadre d'une mission de réponse à demande de concours : ne pas renseigner
- Dans le cadre d'une mission décrivant les opérations en cours :
 Si c'est un déplacement, l'heure d'arrivée, si c'est une prise en charge patient/victime, la fin de la prise en charge.",Describes the date and time of the End of the mission.,,"GH de fin de mission, en lien avec le <STATUS>=COM, ABO, CANCLD",,2022-09-27T08:55:00+02:00,X,X,END_TIME,,END_TIME,,,,,,,,0..1,0..1,0..1,,,datetime,,,X,
80,81,,Ressource engagée,,,,,Liste des identifiants des ressources engagées dans la mission (voire RESSOURCE.ID),Defines the link with the description in the RESOURCE/ID element(s).,,"Dans la norme EMSI, les moyens sont modélisés à l'aide d'objets RESOURCE
A constituer par le rédacteur du présent EMSI pour être unique, identique à <RESOURCE><ID> associé à cette mission",Non traité,77_45102#VSAV 1#,X,X,RESOURCE_ID,,RESOURCE_ID,,,,,,,,0..1,0..1,0..1,,,string,,,X,
81,82,,Missions parentes,,,,,"Dans le cadre d'une demande de concours, ne doit pas être renseigné
La mission peut déjà être rattachée à des missions filles mais leurs détails ne doivent pas être nécessaires pour traiter la demande de concours dans le système du partenaire.
Cf. DSF pour l'organisation liens entre MISSION (sous-section ""Découpage de l'opération en missions"")",Defines the list of the missions which shall be completed before the beginning of this mission.,,,Non traité,,X,X,PARENT_MISSION_ID,,PARENT_MISSION_ID,,,,,,,,0..n,0..n,0..n,,,string,,,X,
82,83,,Missions filles,,,,,"Cf. DSF pour l'organisation liens entre MISSION (sous-section ""Découpage de l'opération en missions"")",Defines the list of the missions which shall start when this mission is finished.,,,Non traité,,X,X,CHILD_MISSION_ID,,CHILD_MISSION_ID,,,,,,,,0..n,0..n,0..n,,,string,,,X,
83,84,,Mission principale,,,,,"- Dans le cas d'une mission générique de réponse à demande de concours, indiquer l'ID de la mission générique utilisée pour modéliser la demande de concours
- Dans le cas d'une mission déclenchée dans le cadre d'une réponse à demande de concours, l'ID de la mission générique de réponse peut être utilisée dans ce champ pour indiquer qu'elle est liée à une réponse",Defines the link to the main mission when the mission is a sub-mission. ,,,Non traité,/FF#bb511708-b004-4d7e-8820-1d56c19f1855,X,X,MAIN_MISSION_ID,,MAIN_MISSION_ID,,,,,,,,0..1,0..1,0..1,,,string,,,X,
84,85,,Position de la mission,# Voir Position de l'opération,,,,Reprécise les coordonnées GPS du lieu d’intervention souhaité et fait le lien avec une localisation partagée préalablement en détails dans un message d’échange d’affaire.,"Provides the position of the EGEO element. All elements of POSITION are optional, but at least one shall be provided. ",identique à la totalité de  <event><position>,,,,,X,POSITION,,POSITION,,,,,,,,0..1,0..1,0..1,,X,positionRgeo,,,X,
85,86,,Priorité de la mission,,,,,"Indique une échelle de priorité pour la demande de concours. Dans le cadre du standard EMSI, cette échelle doit être comprise entre 0 et 5. Ce champ peut ne pas être interprété ni alimenté par les LRMs.
Dans le cadre d'un échange des opérations, optionnel. Le champ peut ne pas être émis ni interprété.",Defines the priority level for this mission. An integer from 0 = low priority to 5 = highest priority,"Indique une échelle de priorité pour la demande de concours. Dans le cadre du standard EMSI, cette échelle doit être comprise entre 0 et 5. Ce champ peut ne pas être interprété ni alimenté par les LRMs.","Priorité de la mission. Attention dans le cadre des échanges 15-18, le code 5 est utilisé pour la demande de concours",4,5,X,X,PRIORITY,,PRIORITY,,,,,,,,0..1,0..1,0..1,,,string,,"ENUM: 0, 1, 2, 3, 4, 5",X,
86,87,Ressource,,,,,,"Objet resource pouvant modéliser un véhicule, du personnel, du matériel etc","Describes the resources (human, vehicles, other hardware, etc...) which the EMSI node has the authority to deploy and is related to the event and context reported in the EMSI",Ressources mobilisées dans le cadre de l'affaire,Ressources mobilisées dans le cadre de l'affaire,,,,,RESOURCE,,RESOURCE,,,,,,,,0..n,,0..n,,X,resource,,,,X
87,88,,Type de la ressource,,,,,Fournit des indications macro sur la classe de ressources et ses caractéristiques,Provides a detailed description of the resource,"Une ressource NexSIS est un moyen ou un agent
Chaque ressource possède un état de situation, et un état de disponibilité composant l'état de mobilisation. Dans le cadre de l'EMSI, seul l'état de situation est fourni. L'état de disponibilité est du seul ressort du gestionnaire du moyen. ","Une ressource NexSIS est un moyen ou un agent
Chaque ressource possède un état de situation, et un état de disponibilité composant l'état de mobilisation. Dans le cadre de l'EMSI, seul l'état de situation est fourni. L'état de disponibilité est du seul ressort du gestionnaire du moyen. ",,,,X,RTYPE,,RTYPE,,,,,,,,1..1,,1..1,,X,rtype,,,,X
88,89,,,Classes de la ressource,,,,"Permet d'indiquer la classe de l'objet RESOURCE. Plusieurs niveau de détails sont fournis par la nomenclature associée.
Le premier niveau permet notamment de décrire la classe principale de ressource :
- Un véhicule,
- Le personnel mobilisé,
- Des consommables/ du matériel,
- Un lieu ou une organisation (non utilisé pour le moment)
Voir nomenclature EMSI associée","Describes the type of the resource: rescue team, vehicle, tent, water purifier, etc… Table B.19 — RESOURCE RTYPE CLASS",,,/MAT/VEH/ROADVE/FRFGTN,/MAT/VEH/ROADVE/FRFGTN,,,RCLASS,,RCLASS,,,,,,,,1..n,,1..n,,,string,,,NOMENCLATURE: EMSI-RESOURCE.RTYPE.CLASS,X
89,90,,,Capacités de la ressource,,,,Permet d'indiquer les capacités de la ressource d'après le standard EMSI,Describes the main domains of capabilities and competencies of the resource. Table B.17 — RESOURCE RTYPE CAPABILITY,,,,,,,CAPABILITY,,CAPABILITY,,,,,,,,0..n,,0..n,,,string,,,voir DSF pour les détails,X
90,91,,,Caractéristiques de la ressource,,,,"Permet d'indiquer des caractéristique physiques de la ressource (hauteur, largeur, longueur et poids).
Le détail de fonctionnement de cette nomenclature est fournie en annexe.","Provides information about the main
physical characteristics of the resource:
height, weight, size, etc. Table B.18 — RESOURCE RTYPE CHARACTERISTICS",,,,,,,CHARACTERISTICS,,CHARACTERISTICS,,,,,,,,0..n,,0..n,,,string,,,,X
91,92,,ID de la ressource,,,,,"Identifiant unique de la ressource  dans le système du partenaire propriétaire. Les systèmes sont garants de l'unicité et de l'invariablité des ids de véhicule dans le temps. Ils peuvent se servir des ids dans les référentiels existants si ils sont uniques et stables.
Dans le cas d'un véhicule agrégé par un LRM (comme un SMUR), l'ID doit être valorisé avec son immatriculation.
Dans le cas d'un véhicule agrégé par NexSIS, l'ID fournit peut ne pas correspondre à une immatriculation.","Defines a unique identifier of the resource inside the node.
NOTE 1: An agency or a node may have several “unique identifiers” for a resource. It is an agency or node responsibility to define which one of these identifiers is used.
NOTE 2: If the resource is not controlled by the node which is providing the EMSI, the ORG_ID element shall provide the identifier of the node which controls this resource.","A constituer par le rédacteur du présent EMSI pour être unique.
Même si facultatif, cette donnée sera renseignée systématiquement dans NexSIS.","A constituer par le rédacteur du présent EMSI pour être unique.
Même si facultatif, cette donnée sera renseignée systématiquement dans NexSIS.",77_45102#VSAV 1#,77_45102#VSAV 1#,,X,ID,,ID,,,,,,,,0..1,,0..1,,,string,,,voir description,X
92,93,,Identifiant de l'organisation propriétaire,,,,,"Identifiant de l'organisation à laquelle la ressource est rattachée (caserne, SAMU etc).
Se référer au DSF pour la structure normée des organisations
Le format est le suivant {pays}.{domaine}.{code département}.{organisation}.{structure interne}*.{unité fonctionnelle}*.
Dans le cas où le LRM/NexSIS sert d'aggrégateur pour des véhicules appartenant à un partenaire tiers (type ambulance privée), l'identifiant d'organisation permet d'identifier ce tiers",Defines the unique identifier of the node which controls the resource. It can be omitted if the resource is controlled by the node which provides the EMSI.,"A constituer par le rédacteur du présent EMSI pour être unique, identique à <CONTEXT><ORIGIN><ORG_ID>","A constituer par le rédacteur du présent EMSI pour être unique, identique à <CONTEXT><ORIGIN><ORG_ID>",FR:Administration:44:CASERNENANTES,FR:Administration:44:CASERNENANTES,,X,ORG_ID,,ORG_ID,,,,,,,,0..1,,0..1,,,string,,,,X
93,94,,Nom de la ressource,,,,,Nom donné à la ressource par le partenaire. L'immatriculation peut être utilisée dans le nom courant des véhicules.,Provides a name for this resource (ex: person or team),"Nom donné à la ressource par son propriétaire
Dans le cas pompier, les véhicules sont nommés
Dans le cas d'équipier, cela peut être leur nom","Nom donné à la ressource par son propriétaire
Dans le cas pompier, les véhicules sont nommés
Dans le cas d'équipier, cela peut être leur nom",VSAV 1 Nantes,VSAV 1 Nantes,,X,NAME,,NAME,,,,,,,,0..1,,0..1,,,string,,,,X
94,95,,Description de la ressource,,,,,"Texte libre permettant de décrire la ressource où d'ajouter des précisions sur son engagement.
Permet aussi notamment de décrire des attributs librement pour la ressource.
Par exemple, pour un véhicule, sa plaque d'immatriculation.",,,,,,,X,FREETEXT,,FREETEXT,,,,,,,,0..1,,0..1,,,string,,,,X
95,96,,Localisation de la ressource,,,,,"Permet de décrire les différentes posistions de la ressource
Par exemple, pour un même objet RESOURCE, la position actualisée et la position de destination de l'objet RESSOURCE peuvent être fournies simultanément via deux objets RGEO distincts",Allows to define several positions of the resource at different times.,"L'élémentgroup <RESOURCE> peut contenir 1 à plusieurs objet RGEO permettant de définir la position, l'origine ou la destination du moyen, associé aux états de mobilisation. Rgeo.position de chaque RGEO est spécifique à chaque RGEO. En dehors <RGEO>.<Type>='CUR', tous les autres RGEO posséde une RGEO.POSITION.ADRESSE>","L'élémentgroup <RESOURCE> peut contenir 1 à plusieurs objet RGEO permettant de définir la position, l'origine ou la destination du moyen, associé aux états de mobilisation. Rgeo.position de chaque RGEO est spécifique à chaque RGEO. En dehors <RGEO>.<Type>='CUR', tous les autres RGEO posséde une RGEO.POSITION.ADRESSE>",,,,X,RGEO,,RGEO,,,,,,,,0..n,,0..n,,X,rgeo,,,,X
96,97,,,Horaire de la localisation,,,,"Horaire associé à l'arrivée de la ressource sur la position. En fonction du TYPE de possition, peut indiquer un horaire de relevé de position, un horaire cible d'arrivée.","It provides the date and time for the use of this geographical location, for example for
defining the estimated time of arrival (ETA) at the incident ground. Permet de fournir le délai souhaité",,,2022-09-27T08:44:00+02:00,2022-09-27T08:44:00+02:00,,X,DATIME,,DATIME,,,,,,,,0..1,,0..1,,,datetime,,,,X
97,98,,,Type de localisation,,,,"Type de position indiqué pour la ressource :
- ASP : assembly point. Point de rassemblement par défaut des ressources liées à la mission. Peut ne pas être utilisé
- CUR : current. Position actualisée de la ressource permettant le suivi géolocalisé des véhicules notamment. Peut ne pas être utilisé
- INC : incident. Consigne relative au positionnement de la ressource sur le lieu d'intervention. Peut ne pas être utilisé
- STG : staging point. Consigne relative au stationnement des véhicules ou au stockage du matériel par exemple. peut ne pas être utilisé
- TGT : targer location. Si renseigné, doit être cohérent avec la position renseignée pour la mission.
Plusieurs positions du même type avec des horodatages différents peuvent être fournies. ","If an area can be classified with several types, it shall provide several RGEO elements. Table B.16 — RESOURCE RGEO TYPE",,,CUR,CUR,,X,TYPE,,TYPE,,,,,,,,1..1,,1..1,,,string,,,"ENUM: ASP, CUR, INC, STG, TGT",X
98,99,,,Texte libre ,,,,Permet de rajouter des précisions sur la localisation de la ressource transmise,,,,Position actualisée du VSAV 1 Nantes,Position actualisée du VSAV 1 Nantes,,X,FREETEXT,,FREETEXT,,,,,,,,0..1,,0..1,,,string,,,,X
99,100,,,ID localisation,,,,Identifiant unique de la position dans le système du partenaire,"Defines the identifier for this geographical
area for later reference. This ID shall be unique inside an event for the node.",,,,,,,ID,,ID,,,,,,,,0..1,,0..1,,,string,,,,X
100,101,,,Position géographique,# Voir Position de l'opération,,,Détail de la position géographique,"Defines the position of the RESOURCE element. All elements of POSITION are optional, but at least one should be provided",,,,,,X,POSITION,,POSITION,,,,,,,,0..n,,0..n,,X,positionRgeo,,,,X
101,102,,Quantité de la ressource,,,,,"Dans le cadre d'un échange d'opération, optionnel. Permet de quantifier une ressource :
- à ne pas utiliser pour les véhicules ni le personnel
- utilisable pour du matériel
- utilisable pour des consommables (dans le cas de consommable, à compléter avec le champ UM)",Defines the quantity of this type of resource in the unit of measurement provided in the UM element.,,,1,1,,,QUANTITY,,QUANTITY,,,,,,,,0..1,,0..1,,,number,,,,X
102,103,,Unité de mesure pour la ressource,,,,,"Dans le cadre d'un échange d'opération, optionnel. Unité de mesure pour des ressources consommables",Provides the unit of measure for the quantity.,,,,,,,UM,,UM,,,,,,,,0..1,,0..1,,,string,,,NOMENCLATURE: EMSI-RESOURCE.UM,X
103,104,,Statut de la ressource,,,,,"Définit le statut de disponibilité d'une ressource.
- AVAILB : Lorsqu'une mission est terminée, une ressource redevient disponible
- RESRVD : Lorsque la ressource est réservée pour intervenir sur l'affaire mais pas encore engagée dans l'opération. Par exemple : un SMUR termine un autre transfert patient/victime avant de rejoindre une autre intervention : il est alors RESRVD
- IN_USE/MOBILE : à utiliser pour les véhicules et le personnel lorsqu'ils se déplaces
- IN_USE/ON_SCENE : à utiliser pour les véhicules et le personnel lorsqu'ils sont sur les lieux de l'affaire","Defines the status of this resource.
Possible values are: AVAILB = available, UNAV = unavail- able (maybe permanently), MAINTC = in maintenance, RESRVD = reserved, VIRTUAL = resource is only virtual, IN_USE = currently in use, and will come back to the AVAILABLE status when its mission is finished.
The IN_USE status can be detailed as IN_USE/MOBILE or IN_USE/ON_SCENE.
The status should be applicable to the type of the resource. For example, Human resources may only be AVAILABLE, UNAVAILABLE or IN_USE (and its sub-types).","A constituer depuis ref_mapping_EMSI_RESOURCE_STATUS
• IN_USE = utilisé sans précision
• IN_USE/MOBILE = utilisé, en transit vers ou depuis une destination
• IN_USE/ON_SCENE = sur place","A constituer depuis ref_mapping_EMSI_RESOURCE_STATUS
• IN_USE = utilisé sans précision
• IN_USE/MOBILE = utilisé, en transit vers ou depuis une destination
• IN_USE/ON_SCENE = sur place",IN_USE/MOBILE,IN_USE/MOBILE,,X,STATUS,,STATUS,,,,,,,,0..1,,0..1,,,string,,,"ENUM: AVAILB, UNAV, MAINTC, RESRVD, VIRTUAL, IN_USE/MOBILE, IN_USE/ON_SCENE",X
104,105,,Nationalité de la ressource,,,,,"Nationalité d'une ressource, réemployer ISO 3166-1-alpha-2 code elements.","Defines the national origin of this resource. It is a string, from the ISO 3166-1-alpha-2 code elements.",,,FR,FR,,,NATIONALITY,,NATIONALITY,,,,,,,,0..1,,0..1,,,string,,,,X
105,106,,Contacts,,,,,Liste de contacts utiles pour contacter par exemple le véhicule ou le personnel engagé dans l'opération.,Defines the one or more types of contact information for a resource. This could be postal contact or electronic contact (the type is mandatory).,,,,,,X,CONTACTS,,CONTACTS,,,,,,,,0..n,,0..n,,X,contact,,,,X
106,107,,,Type de contact,,,,"Type de contact, voir énumération associée","Defines the type of contact.
Possible values are: PSTADD = postal address,
EMLADD = email address, IPADD = Internet address, FTPADD = FTP address, WWWADD = Web address, PHNADD = phone number, FAXADD = telefax address, PMRADD = professional radio number.","1. PMRADD (si RFGI disponible)
2. PHNADD pour téléphonie","1. PMRADD (si RFGI disponible)
2. PHNADD pour téléphonie",PHNADD,PHNADD,,X,TYPE,,TYPE,,,,,,,,1..1,,1..1,,,string,,,"ENUM: PSTADD, EMLADD, IPADD, FTPADD, WWWADD, PHNADD, FAXADD, PMRADD",X
107,108,,,Détails de contact,,,,,Provides an actual contact detailed information of the resource.,"1. RFGI du moyen NEXSIS (si RFGI disponible)
2. Numéro de téléphone","1. RFGI du moyen NEXSIS (si RFGI disponible)
2. Numéro de téléphone",606070707,606070707,,X,DETAIL,,DETAIL,,,,,,,,1..1,,1..1,,,string,,,,X
108,108,4,54,41,8,3,0.0,,,,,99,,,,,,,,,,,,,,,96,,,21,128,,,,
109,,,,,,,,,,,,,,,,,,,,,,,,,,,,,,,,,,,
110, , , , , ,,,,,,,,,,,,,,,,,,,,,,,,,,,,,,
111,,,,,,,,,,,,,,,,,,,,,,,,,,,,,,,,,,,
112,,,,,,,,,,,,,,,,,,,,,,,,,,,,,,,,,,,
113,,,,,,,,,,,,,,,,,,,,,,,,,,,,,,,,,,,
114,,,,,,,,,,,,,,,,,,,,,,,,,,,,,,,,,,,
115,,,,,,,,,,,,,,,,,,,,,,,,,,,,,,,,,,,
116,,,,,,,,,,,,,,,,,,,,,,,,,,,,,,,,,,,
117,,,,,,,,,,,,,,,,,,,,,,,,,,,,,,,,,,,
118,,,,,,,,,,,,,,,,,,,,,,,,,,,,,,,,,,,
119,,,,,,,,,,,,,,,,,,,,,,,,,,,,,,,,,,,
120,,,,,,,,,,,,,,,,,,,,,,,,,,,,,,,,,,,
121,,,,,,,,,,,,,,,,,,,,,,,,,,,,,,,,,,,
122,,,,,,,,,,,,,,,,,,,,,,,,,,,,,,,,,,,
123,,,,,,,,,,,,,,,,,,,,,,,,,,,,,,,,,,,
124,,,,,,,,,,,,,,,,,,,,,,,,,,,,,,,,,,,
125,,,,,,,,,,,,,,,,,,,,,,,,,,,,,,,,,,,
126,,,,,,,,,,,,,,,,,,,,,,,,,,,,,,,,,,,
127,,,,,,,,,,,,,,,,,,,,,,,,,,,,,,,,,,,
128,,,,,,,,,,,,,,,,,,,,,,,,,,,,,,,,,,,
129,,,,,,,,,,,,,,,,,,,,,,,,,,,,,,,,,,,
130, , , , , ,,,,,,,,,,,,,,,,,,,,,,,,,,,,,,
131, , , , , ,,,,,,,,,,,,,,,,,,,,,,,,,,,,,,
132, , , , , ,,,,,,,,,,,,,,,,,,,,,,,,,,,,,,
133, , , , , ,,,,,,,,,,,,,,,,,,,,,,,,,,,,,,
134, , , , , ,,,,,,,,,,,,,,,,,,,,,,,,,,,,,,
135, , , , , ,,,,,,,,,,,,,,,,,,,,,,,,,,,,,,
136, , , , , ,,,,,,,,,,,,,,,,,,,,,,,,,,,,,,
137, , , , , ,,,,,,,,,,,,,,,,,,,,,,,,,,,,,,
138, , , , , ,,,,,,,,,,,,,,,,,,,,,,,,,,,,,,
139, , , , , ,,,,,,,,,,,,,,,,,,,,,,,,,,,,,,
140, , , , , ,,,,,,,,,,,,,,,,,,,,,,,,,,,,,,
141, , , , , ,,,,,,,,,,,,,,,,,,,,,,,,,,,,,,
142, , , , , ,,,,,,,,,,,,,,,,,,,,,,,,,,,,,,
143, , , , , ,,,,,,,,,,,,,,,,,,,,,,,,,,,,,,
144, , , , , ,,,,,,,,,,,,,,,,,,,,,,,,,,,,,,
145, , , , , ,,,,,,,,,,,,,,,,,,,,,,,,,,,,,,
146, , , , , ,,,,,,,,,,,,,,,,,,,,,,,,,,,,,,
147, , , , , ,,,,,,,,,,,,,,,,,,,,,,,,,,,,,,
148, , , , , ,,,,,,,,,,,,,,,,,,,,,,,,,,,,,,
149, , , , , ,,,,,,,,,,,,,,,,,,,,,,,,,,,,,,
150, , , , , ,,,,,,,,,,,,,,,,,,,,,,,,,,,,,,
151, , , , , ,,,,,,,,,,,,,,,,,,,,,,,,,,,,,,
152, , , , , ,,,,,,,,,,,,,,,,,,,,,,,,,,,,,,
153, , , , , ,,,,,,,,,,,,,,,,,,,,,,,,,,,,,,
154, , , , , ,,,,,,,,,,,,,,,,,,,,,,,,,,,,,,
155, , , , , ,,,,,,,,,,,,,,,,,,,,,,,,,,,,,,
156, , , , , ,,,,,,,,,,,,,,,,,,,,,,,,,,,,,,
157, , , , , ,,,,,,,,,,,,,,,,,,,,,,,,,,,,,,
