,ID,Donnée (Niveau 1),Donnée (Niveau 2),Donnée (Niveau 3),Donnée (Niveau 4),Donnée (Niveau 5),Donnée (Niveau 6),Description,Exemples,Balise NexSIS,Nouvelle balise,Nantes - balise,Nantes - description,GT399,GT399 description,Priorisation,Cardinalité,Objet,Format (ou type),Nomenclature/ énumération,Détails de format,15-18,15-15
0,1,Identifiant affaire/dossier,,,,,,"Identifiant technique de l'affaire et partagé entre tous les intervenants.
Il doit pouvoir être généré de façon unique et décentralisée et ne présenter aucune ambiguïté. Il est généré par les systèmes du partenaire récepteur de la primo-demande de secours et contient une clé conventionnelle permettant d'identifier la source.
Valorisation :
{cleConventionnelle}:{cleUnique}
où cleConventionnelle est la clé utilisée par le partenaire emetteur et cleUnique l'identifiant locale d'affaire dans le système du partenaire emetteur.
cleUnique est une chaîne de caractère (string) comprise entre 4 et 22 caractères alphanumériques.",samuA:CA126B445579GD4A67AV,eventId,caseId,NR,Numéro de requête émise,,,1.0,1..1,,string,,,X,X
1,2,Identifiant local de l'affaire/dossier,,,,,,"Valoriser avec l'identifiant de l'affaire dans le SI de l'émetteur du message
Ce champ est facultatif, il ne sera notamment pas transmis par NexSIS
Dans le cas où deux opérateurs ont besoin d'identifier une affaire, ils peuvent utiliser les derniers caractères de l'identifiant local de leur partenaire.",CA126B445579GD4A67AV,,senderCaseId,NO,Numéro de dossier de l'émetteur,,,,0..1,,string,,,X,X
2,3,Date Heure de création de l'affaire/dossier,,,,,,Groupe date heure de début de partage lié à la création de l'affaire (et donc de génération du caseId). Il doit être renseigné à la fin du processus de la  création  de la première alerte. Lors de l'ajout d'alerte à une affaire ce champ ne doit pas être modifié.  L'indicateur de fuseau horaire Z ne doit pas être utilisé.,2022-09-27T08:23:34+02:00,createdAt,creation,,,,,1.0,1..1,,datetime,,Format datetime décrit dans le DSF,X,X
3,4,Version des nomenclatures du référentiel CISU,,,,,,"Indique le numéro de version du référentiel des nomenclatures des codes transmis. 
Cela permet aux différents systèmes de s'assurer qu'ils utilisent la même version des codes de nomenclature que leurs partenaires.",1.2,cisuNomenclatureVersion,referenceVersion,,,,,,1..1,,string,,,X,X
4,5,Qualification de l'affaire/dossier,,,,,,Permet de qualifier l'affaire en générale. La qualification est issue d'une interprétation métier des alertes reçues.,,alertCode,qualification,,,,,,1..1,X,qualification,,,X,X
5,6,,Nature de fait,,,,,Décrit la nature de fait de l'alerte (NF) à partir de la nomenclature CISU,,whatsHappen,,CE/CK,raison de l'appel,,,1.0,1..1,X,nomenclature,X,,X,X
6,7,,,Code,,,,A valoriser avec un code la nomenclature associée,C07.13.02,code,,,,,,1.0,1..1,,string,X,NOMENCLATURE: CISU-Code_Nature_de_fait,X,X
7,8,,,Libellé,,,,"A valoriser avec le libellé de la nomenclature associée.
Dans le cas où un système n'est pas en mesure de reconnaître un code, il peut directement afficher le libellé qui est obligatoirement fourni avec le code.",Rodéo automobile,label,,,,,,1.0,1..1,,string,X,Voir nomenclature associée,X,X
8,9,,,Commentaire,,,,Permet de complémenter en commentaire libre l'attribut permettant de qualifier l'événement.,,freetext,,,,,,,0..1,,string,,Voir nomenclature associée,X,X
9,10,,Type de lieu,# Voir whatsHappen (type nomenclature),,,,Décrit le type de lieu (TL). Référentiel : nomenclature CISU,,locationKind,,CI,Type de lieu d'intervention,,,1.0,0..1,X,nomenclature,X,Voir nomenclature CISU Type de Lieu,X,X
10,11,,"Risque, menace et sensibilité",# Voir whatsHappen (type nomenclature),,,,"Décrit les risques, menaces et sensibilités (RMS). Référentiel : nomenclature CISU.",,riskThreat,,,,,,1.0,0..n,X,nomenclature,X,"Voir nomenclature CISU Risque, menace et sensibilité",X,X
11,12,,Motif de recours médico-secouriste,# Voir whatsHappen (type nomenclature),,,,Décrit le motif de recours médico-secouriste (MR). Référentiel : nomenclature CISU.,,healthMotive,,,,,,1.0,0..1,X,nomenclature,X,Voir nomenclature CISU Motif de recours médico-secouriste,X,X
12,13,,Devenir du dossier ,,,,,cf. cycle SI SAMU uniquement (si applicable) ,,,filefuture,,,,,,0..1,X,filefuture,,,,X
13,14,,,Etat du dossier,,,,cf. cycle SI SAMU uniquement (si applicable) : échanger l'état du dossier si le cycle de vie du dossier est implémenté de manière conforme au cycle de vie du dossier SI-SAMU,,,filestatus,,,,,,0..1,,string,X,"ENUM: Nouveau , Actif , Validé , Clôturé , Classé ",,X
14,15,,,Type de dossier,,,,D/DR/DRM si cycle SI-SAMU implémenté,"D, DR, DRM",,filetype,,,,,,0..1,,string,X,"ENUM : D, DR, DRM",,X
15,16,,Attribution du dossier,,,,,Décrit le type de professionnel médical à qui le dossier est attribué,"Médecin généraliste, médecin urgentiste etc.",,fileusage,,,,,,0..1,,string,?,?,,X
16,17,,Patients/Victimes,,,,,,,victims,,,,,,,0..1,X,victims,,,X,X
17,18,,,Nombre de patients-victimes,,,,Indique le nombre de victimes selon la nomenclature du référentiel CISU,SEVERAL,count,,NV,Nombre de victimes,,,,0..1,,string,X,"ENUM: 0, 1, SEVERAL, MANY, UNKNOWN",X,X
18,19,,,Type du patient-victime principal,,,,Identifie le type de la principale victime (celle dont l'état de santé provoque le déclenchement de l'envoi des secours). Prend les valeurs du référentiel CISU. Entre dans la détermination des partenaires impliqués par NexSIS.,CHILD,mainVictim,,,,,,,0..1,,string,X,"ENUM: INFANT, CHILD, ADULT, PREGNANT, SENIOR (voir Nomenclature CISU XX)",X,X
19,20,,,Informations complémentaires sur les patients-victimes,,,,Permet de complémenter en commentaire libre la(les) victime(s),"Jeanne Dupont, 6 ans, ne répond plus",freetext,,,,,,,0..1,,string,,,X,X
20,21,Localisation de l'affaire/dossier,,,,,,Concerne bien le dossier de régulation pour le périmetre 15-15,,eventLocation,location,,,,,,1..1,X,location,,,X,X
21,22,,Identifiant technique de localisation,,,,,ID technique et provisoire permettant d'identifier le lieu dans le cadre des échanges de cette affaire.,111fb03a-6fd9-41e0-8e81-990c45188887,locID,,,,,,,1..1,,string,,,X,X
22,23,,Résumé de la localisation,,,,,"Permet d'indiquer des indications auto suffisantes permettant pour un opérationnel d'accéder facilement au lieu avec des indications minimales.
Dans les messages NexSIS, va souvent correspondre à la concaténation suivant des règles métiers de différentes informations, dont le ""name"" (toponyme) et l'adresse.
Comprend au maximum 255 caractères","Lycée Pierre de Coubertin - 12 rue de l'Amitié 77288 Melun, Musée Bossuet - Accès 2 - 77048 Saint-Albray",locLabel,,,,,,,0..1,,string,,,X,X
23,24,,Nom du lieu,,,,,"Indique le nom de lieu : nom commercial, forêt de Fontainebleau, lac du Der (plutôt à destination des systèmes).",Lycée Pierre de Coubertin,name,,LE/L4,Nom de l'établissement répertorié/point d'intérêt,,,,1..1,,string,,,X,X
24,25,,Détails de l'adresse,,,,,,,,detailedAdress,,,,,,0..1,X,detailedAdress,,,X,X
25,26,,,"Numéro, type et nom de voie",,,,"Numéro, type et nom de la voie. 
Utilisé pour tout type de voie :  autoroute (PK, nom et sens), voie ferrée, voie navigable…
Obligatoire et seule valeur des détails de l'adresse fournie par NexSIS.",9 Bd du Montparnasse,address,complete,,,,,,1..1,,string,,TEMPLATE: {number} {wayName},X,X
26,27,,,Numéro dans la voie,,,,"Numéro dans l'adresse (inclut point kilométrique sur l'autoroute, voie ferrée ou voie navigable). Inclut l'indice de répétition associé au numéro (par exemple bis, a…).","9, 4bis, PK10, …",,number,LO,N° dans la voie,,,,0..1,,string,,,X,X
27,28,,,Type et nom de voie,,,,,,,wayName,LY/LB/LV,"Type, particule, nom de voie",,,,0..1,X,wayName,,,X,X
28,29,,,,Type et nom,,,"Type et nom de la voie (venant d'un référentiel ou non)
Si les champs type et name sont renseignés, le champ callerName doit être valorisé ainsi : ""{type} {nom}"".",Boulevard du Montparnasse,,complete,,,,,,1..1,,string,,TEMPLATE: {type} {name},X,X
29,30,,,,Type,,,,Boulevard,,type,,,,,,0..1,,string,,,X,X
30,31,,,,Nom,,,,du Montparnasse,,name,,,,,,0..1,,string,,,X,X
31,32,,Détails de la commune,,,,,,,,city,,,,,,0..1,X,city,,,X,X
32,33,,,Nom de la commune,,,,Nom officiel de la commune actuelle,Lille,city,name,LC,Nom de la commune,,,,0..1,,string,,,X,X
33,34,,,Code INSEE de la commune,,,,Code INSEE de la commune actuelle sur la base du Code Officiel géographique en vigueur. Obligatoire si le nom de la commune est renseigné.,59350,citycode,inseeCode,LZ,Code INSEE de la commune,,,,0..1,,string,,REGEX: [0-9]{5},X,X
34,35,,,Complément de commune,,,,"Informations complémentaires permettant de préciser le quartier, lieu-dit, ancienne commune, … ou autre information aidant à préciser l'adresse et notamment gérer les cas de communes fusionnées pour le système émetteur
NB : dans tous les cas, la localisation GPS de la commune doit être fournie afin d'éviter une trop forte ambiguïté","Quartie Melun Nord, Lhomme, …",,detail,,,,,,0..1,,string,,,X,X
35,36,,Détails d'accès,,,,,Non gérés par NexSIS : ne seront pas transmis au SAMU et seront affichés côté NexSIS en clés / valeurs dans le champ libre,,,access,,,,,,0..1,X,access,,,X,X
36,37,,,Etage,,,,Etage ,"RDC, 1, 2, …",,floor,LG,Etage,,,,0..1,,string,,,X,X
37,38,,,Numéro de porte,,,,"Spécifie numéro d'appartement, de chambre, de bureau","A16, 37, 104, …",,roomNumber,LP,Porte,,,,0..1,,string,,,X,X
38,39,,,Interphone,,,,"Indique les informations nécessaires  à l'identification de l'interphone (numéro, nom)",Dupont,,interphone,,,,,,0..1,,string,,,X,X
39,40,,,Digicode,,,,Indique le ou les digicodes dans l'ordre de progression dans le bâtiment,"['1234A', '4321B']",,accessCode,LD,Digicode,,,,0..n,,string,,,X,X
40,41,,,Ascenseur/escalier,,,,Indique l'ascenseur ou la cage d'escalier ,C3,,elevator,,,,,,0..1,,string,,,X,X
41,42,,,Bâtiment,,,,Nom du bâtiment,"Batiment B, Batiment Maunoury",,buildingName,,,,,,0..1,,string,,,X,X
42,43,,,Entrée,,,,,"Zone Sud, Porte 1, …",,entrance,,,,,,0..1,,string,,,X,X
43,44,,,Service,,,,Nom du service concerné au sein de l'établissement,"Infirmerie, service finance, service cardiologie, …",,entity,,,,,,0..1,,string,,,X,X
44,45,,,N° de téléphone du lieu,,,,"Numéro de téléphone permettant d'accéder au lieu de l'intervention, par exemple : téléphone du secrétariat, téléphone du service administratif ou se trouve le patient/victime.",33123452323,,locphonenumber,,,,,,0..1,,number,,,X,X
45,46,,Géometrie associée,,,,,,,objectGeometry,geometry,,,,,,0..1,X,geometry,,,X,X
46,47,,,Heure du dernier relevé,,,,Groupe date heure de renseignement des coordonnées du point clé de la localisation. Permet de connaître la fraîcheur et donc pertinence des informations pour intervenir.,2022-09-27T08:23:34+02:00,,obsDatime,,,,,,1..1,,datetime,,,X,X
47,48,,,Point ,,,,"Fournir au maximum même s'il est imprécis (et adapter le champs ""Précision"" en fonction). 
Par exemple, sans adresse, il est possible de fournir le point GPS de la commune et d'adapter et préciser l'adresse en cours d'intervention.
Sera toujours fourni par NexSIS.",,point,point,,,,,,0..1,X,point,,,X,X
48,49,,,,Coordonnées,,,"Le SGO ne fonctionne toujours sur des coordonnées X/Y ainsi qu'une adresse indicative associée. 
NexSIS dispose donc toujours d'un point GPS utilisé pour le temps de trajet, la détermination de l'intervenant le plus proche, ...
L'adresse est elle utilisée par l’intervenant pour aller sur le lieu.",,coord,coord,,,,,,1..1,X,coord,,,X,X
49,50,,,,,Latitude,,Latitude du point clé de la localisation,48.866667,lat,lat,,,,,,1..1,,number,,,X,X
50,51,,,,,Longitude,,Longitude du point clé de la localisation,2.333333,lon,lon,,,,,,1..1,,number,,,X,X
51,52,,,,,Altitude ,,"Altitude du point clé de la localisation, en mètre, ignoré côté NexSIS.",120,,height,,,,,,0..1,,number,,,X,X
52,53,,,,,Cap,,En degré,96,,heading,,,,,,0..1,,number,,,X,X
53,54,,,,,Vitesse,,"Vitesse en km/h, notamment fournie par eCall, tel, nouveau AML, …",34,,speed,,,,,,0..1,,number,,,X,X
54,55,,,,,Précision,,"Indique via une nomenclature le niveau de précision des coordonnées fournies par le système emetteur.
CITY=Précision à l'échelle de la ville, STREET=Précision à l'échelle de la rue, ADDRESS=Adresse précise, EXACT=Point coordonnée GPS exact, UNKNOWN=Précision de la localisation non évaluable par l'émetteur",ADDRESS,,precision,,,,,,1..1,,string,X,"ENUM: CITY, STREET, ADDRESS, EXACT, UNKNOWN",X,X
55,56,,,,Système de coordonnées,,,"Indique le type de coordonnées utilisé. Actuellement, la seule valeur valide est «EPSG-4326», indiquant l'utilisation de WGS-84. Si ce champ n'est pas renseigné, on considère que la valeur par défaut est «».",EPSG-4326,coordsys,sysCoord,,,,,1.0,0..1,,string,,,X,X
56,57,,,Formes géométriques,,,,"Objet gml (équivalent xml du geojson). Le langage GML permet de décrire une forme dans un système de projection donné. 
Dans le cas d'une alerte donnée sur une zone géographique non précise (par exemple une section d'autoroute ou une zone sur un chemin de randonnée), une indication sur la zone de recherche peut être fournie.
En XML, un objet gml est encapsulé dans une balise <sketch xmlns:gml='http://www.opengis.net/gml' version='1.0' > </sketch>
En JSON, les balises sont reprises depuis le modèle gml
Voir http://www.opengis.net/gml pour le format de l'objet sketch",,sketch,sketch,,,,,,0..1,,string,,,X,X
57,58,,Liens aux systèmes externes,,,,,"Permet de partager l'identifiant d'un objet ayant servi à l'établissement de la localisation. L'objet reprend la structure EXTERNAL_INFO de l'EMSI
L'identifiant BAN de l'adresse (clé d'interopérabilité) doit être partagé au maximum.",,link,externalInfo,,,,,,0..n,X,externalInfo,,,X,X
58,59,,,Nom de la source,,,,"Système fournissant le localisant :  NexSiS ou l'ORG_ID (BAN, IGN, ...)","NexSIS, BAN, IGN, …",source,freetext,,,,,,1..1,,string,X,"ENUM: BAN, IGN, NexSIS",X,X
59,60,,,Type ,,,,"Définition du type d'objet dans le système
Ex : SIG NexSIS / OSM ont plusieurs types de données -> savoir du quel on parle (POI, tronçon de route, …) pour faciliter le filtre | Aussi table dans une base de données","ega, egr, egm, DIO (données d'influence opérationnelle), …",type,type,,,,,,1..1,,string,X,"ENUM: MANUAL, MAP, OTHER, PHOTO, WEBSIT",X,X
60,61,,,Identifiant,,,,Identifiant unique dans le type. Exemple : UUID d'un ega,id987,id,uri,,,,,,1..1,,string,,,X,X
61,62,,Pays,,,,,,France,country,,,,,,,1..1,,string,,NOMENCLATURE: ISO 3166-ISO3166-2,X,X
62,63,,Commentaire,,,,,Champ libre pour compléter les informations de localisation,Clé derrière le pot de fleur,comment,freetext,LI,Itinéraire (texte libre),,,,0..1,,string,X,"ENUM: France, Allemagne, Espagne, Italie, Suisse, Luxembourg, Belgique, Brésil",X,X
63,64,Alerte initiale,,,,,,"L'objet alert correspond à la transcription d'une communication d'urgence. Une alerte est une photo d'une situation donnée décrite par un requérant et n'est pas amenée à évoluer dans le temps. En cas de modification (adresse, qualification, ...), cela passera par une mise à jour opération ou une nouvelle alerte.
L'alerte initiale est la premiere alerte concernant la situation d'urgence et conduisant à la création d'une affaire.
Le système destinataire reçoit une affaire lorsqu'une alerte le concerne. S'il ne gère pas les affaires multi-alertes, il doit donc créer une affaire seulement sur l'alerte le concernant : pour une création d'affaire, sur l'alerte initiale et pour une mise à jour d'affaire, sur la nouvelle alerte (en récupérant éventuellement des informations de l'alerte initiale en historique).
Pour répondre sur une alerte, l'alerte initiale n'est pas obligatoire car pas forcément stockée dans le système (notamment pour ceux avec des affaires mono-alertes).
NB :
- Dans le cadre une mise à jour d'affaire, les objets alert sont IMMUTABLES dans la mesure où il décrivent une ""photo"" de la situation décrite par le requérant.",,primaryAlert,initialAlert,,,,,,0..1,X,alert,,,X,X
64,65,,Identifiant alerte,,,,,"Identifiant technique unique de l'alerte. Il doit pouvoir être généré automatiquement par le système émetteur et ne doit pas avoir de signification / utilisation particulière par les différents systèmes pour garantir leur découplage.
Voir la description de l'identifiant de l'affaire pour voir le format.
Lorsqu’une alerte est générée dans NexSIS et crée une affaire, elle est qualifiée d’Alerte Initiale.
a)	Si cette dernière concerne un partenaire (caractère médical pour la Santé par exemple), elle est relayée seule dans le message. Il y’a un seul objet initialAlert.
b)	Sinon, une autre alerte liée à la même affaire peut être déclarée ultérieurement, concernant cette fois le partenaire. Lorsqu’elle est déclarée cette Nouvelle Alerte est relayée avec l’Alerte Initiale pour partager un contexte commun. Dans le message de création d’affaire il y’a deux objets alerte : initialAlert et newAlert.
Le rattachement des messages à une affaire doivent s'appuyer sur les caseId et non les alertId qui peuvent varier d'un système à l'autre.",SGO050-20230605-AL0123,alertId,id,,,,,1.0,1..1,,string,,,X,X
65,66,,Date de réception de l'alerte,,,,,Groupe date heure de réception de l'alerte,2022-09-27T08:21:06+02:00,receivedAt,reception,HA ,		Date et heure de prise d'appel   (format DD/MM/YYYY HH24:MI:SS),,,,1..1,,datetime,,Format datetime décrit dans le DSF,X,X
66,67,,Signalement,,,,,"Permet d'attirer l'attention des forces partenaires sur une affaire pour le faire sortir du lot.
Eventuellement automatisé en fonction des critères saisis et de leur paramétrage, ou renseigné par l'opérateur. 
Prend les valeurs définies dans la nomenclature CISU :
- standard : STANDARD
- signalé : ATTENTION
Les systèmes peuvent proposer des fonctionnalités faisant ressortir les dossiers avec le libellé ATTENTION",STANDARD,,reporting,,,,,1.0,1..1,,string,X,"ENUM: STANDARD, ATTENTION",X,X
67,68,,Informations complémentaires sur l'alerte,,,,,Texte libre permettant de donner des informations supplémentaires concernant l'alerte,"Déclenchement téléalarme, voisine sur les liens",comment,freetext,OG,Observations générales (texte libre),,,1.0,0..1,,string,,,X,X
68,69,,Requérant,,,,,Objet permettant d'identifer la personne qui a alerté les secours et de la recontacter,,caller,,,,,,,1..1,X,caller,,,X,X
69,70,,,Contact requérant,,,,Type et valeur de l'URI utilisée par le requérant à l'origine de l'alerte.,,callerURI,callerContact,AT,N° de téléphone,,,1.0,0..1,X,contact,,,X,X
70,71,,,,Type de contact du requérant,,,"Type de l'URI utilisée par le requérant, cf. nomenclature EMSI",PHNADD,,type,,,,,,1..1,,string,X,"ENUM: PSTADD, EMLADD, IPADD, FTPADD, WWWADD, PHNADD, FAXADD, PMRADD",X,X
71,72,,,,URI du contact requérant,,,Valeur de l'URI utilisée pour contacter le partenaire,0671830530,,detail,,,,,,1..1,,string,,,X,X
72,73,,,Contact de contre-appel,,,,"Type et valeur de l'URI permettant un rappel pour avoir plus d'informations : il peut s'agit du requérant, de la victime ou d'un témoin. ",,,callbackContact,LT,N° de téléphone sur les lieux,,,1.0,0..1,X,contact,,,X,X
73,74,,,Langue parlée,,,,Langue parlée par le requérant. Permet de mettre en place des traducteurs si besoin. Utilise la nomenclature LANGUE du SI-SAMU.,FR,spokenLanguage,language,,,,,,0..1,,string,X,NOMENCLATURE: ISO 3166-ISO3166-2,X,X
74,75,,,Type de requérant,,,,Indique la relation du requérant avec l'incident / le patient / la victime,"le patient lui-même, père, mère",,reqtype,,,,,,0..1,,string,?,,X,X
75,76,,,Difficulté de communication,,,,Indique si le requérant rencontre ou non des difficulté de communication,"Malentendant, aucune difficulté de communication",,communication,,,,,,0..1,,string,?,,X,X
76,77,,,Informations complémentaires sur le requérant,,,,"Informations complémentaires sur le requérant 
Les informations peuvent être passées sous forme de texte libre ou via une liste d'adjectif",Père,freetext,freetext,CH,Profil appelant,,,1.0,0..1,,string,,,X,X
77,78,,,Prénom & nom usuel du requérant,,,,,,callerName,detailedName,,,,,,0..1,X,detailedName,,,X,X
78,79,,,,Prénom et nom,,,"Prénom et nom usuel du requérant.
Si les champs callerLastName et callerFirstName sont renseignés, le champ callerName doit être valorisé ainsi : ""{callerFirstName} {callerLastName}"".
Note : NexSIS ne dispose que de ces informations (concaténées) et pas de deux champs séparés.",Jean Dupont,,complete,AN/AP,"Nom
Prénom",,,,1..1,,string,,TEMPLATE: {callerLastName} {callerFirstName},X,X
79,80,,,,Nom,,,Nom du requérant,Dupont,,lastName,,,,,,0..1,,string,,,X,X
80,81,,,,Prénom,,,"Prénom du réquérant.
Par convention les prénoms composés doivent préférablement être séparés par le caractère ""-""",Jean,,firstName,,,,,,0..1,,string,,,X,X
81,82,,Source de l'alerte,,,,,"Source de contact permettant d'identifier le requérant.
Dans le cas où le requérant est à l'origine de l'alerte les objets contactSource et callerContact sont valorisés de la même façon",,source,alertSource,,,,,,1..1,X,contactSource,,,X,X
82,83,,,Canal,,,,"Permet d'indiquer l'origine du canal établit : Personne, application, DAU, BAU, défibrillateur, ecall",Personne,,channel,,,,,,1..1,,string,,,X,X
83,84,,,Type de contact de la source,,,,"Type de l'URI utilisée par la source, cf. nomenclature EMSI",PHNADD,,type,,,,,,1..1,,string,X,"ENUM: PSTADD, EMLADD, IPADD, FTPADD, WWWADD, PHNADD, FAXADD, PMRADD",X,X
84,85,,,URI de contact de la source,,,,Valeur de l'URI utilisée par la source,0671830530,,detail,,,,,,1..1,,string,,,X,X
85,86,,Localisation de l'alerte,# Voir createCase.location (type location),,,,Cet élément peut représenter la localisation du requérant si celle-ci diffère de celle de l'événement ou pointer vers la localisation d'accès à l'affaire si elle est confondue avec celle de l'alerte.,,alertLocation,location,AB/AV/AC/AZ,"Particule et nom de voie, nom/code commune",,,,1..1,X,location,,,X,X
86,87,,Qualification,# Voir qualification,,,,Qualification de l'alerte.,,alertCode,qualification,,,,,,1..1,X,qualification,,,X,X
87,88,,Agent,,,,,Objet permettant d'identifer et recontacter l'opérateur ayant traité l'alerte,,callTaker,callTaker,,,,,,1..1,X,callTaker,,,X,X
88,89,,,Service d'urgence,,,,"Décrit la structure ou le service à laquelle est rattachée l'agent (en fonction du niveau de précision disponible).
Se référer au DSF pour la structure normée des organisations
Le format est le suivant {pays}:{domaine}:{code département}:{organisation}:{structure interne}*:{unité fonctionnelle}*.",FR:Administration:44:samu44:crra:regulationN3,organization,,,,,,,1..1,,string,,,X,X
89,90,,,Centre d'appels,,,,Décrit le centre d'appel auquel est rattaché l'agent,"CGA, CGO 21, CRRA 44, ...",controlRoom,,,,,,,1..1,,string,,,X,X
90,91,,,Rôle agent,,,,Décrit le rôle de l'agent au sein du service selon la nomenclature PERSO (nomenclature SI-SAMU),ARM,callTakerRole,role,,,,,,0..1,,string,X,NOMENCLATURE: PERSO (nomenclature SI-SAMU),X,X
91,92,,,Contact de l'agent,,,,Objet contact permettant d'indiquer le contact de l'agent,,calltakerURI,calltakeContact,,,,,,0..1,X,contact,,,X,X
92,93,,,ID de l'agent,,,,"Identifiant unique de l'opérateur ayant traité l'alerte (peut être un identifiant technique, un numéro de carte CPS etc)",id1234,calltakerId,,O1,Code de l'opérateur ayant pris l'appel,,,,0..1,,string,,,X,X
93,94,,Pièces jointes,,,,,"Permet d'envoyer tout type de fichiers (photos, vidéos, sons, …) par lien.
Les URI doivent correspondre à des espaces sécurisés auxquels les accès ont déjà été fournies ou doivent être fournies avec des tokens éphémères si besoin de sécuriser l'accès aux ressources tout en en garantissant l'accès par tous les destinataires des messages.

",,resource,attachment,,,,,,0..n,X,attachment,,,X,X
94,95,,,Type ou description de la ressource,,,,"Décrit la ressource en précisant le type et le contenu, tels que «carte» ou «photo»","photo, carte, …",resourceDesc,description,,,,,,0..1,,string,X,,X,X
95,96,,,Type MIME,,,,L'identifiant du type MIME de contenu et sous-type décrivant la ressource,"PDF, XML, JPEG, …",mimeType,,,,,,,0..1,,string,,,X,X
96,97,,,Taille approximative,,,,Taille approximative de la ressource en kO,"1235, 35, …",size,,,,,,,0..1,,integer,,,X,X
97,98,,,URI,,,,"Une URI, généralement une URL, qui permet d'atteindre la ressource sur Internet ou sur un réseau privé
Nous suggérons d'employer le format suivant de regex (https?|ftp|file):\/\/([\w-]+(\.[\w-]+)*)(\/[\w\-\.]*)*\/?(\?[^\s]*)?",https://hub.esante.gouv.fr/resourceExample,URI,,,,,,,1..1,,string,,,X,X
98,99,,,URI base 64,,,,"Peut être utilisé à la place de l'élément 'URI' pour envoyer la ressource encodée en base64 pour éviter des problèmes de transcodage (sur des double quotes qui casseraient le message, …)",,derefURI,,,,,,,0..1,,string,,,X,X
99,100,,,Hash,,,,"Hash de la ressource pour confirmer la réception de la bonne ressource
La ressource est hashée avec le protocole SHA-256",,digest,,,,,,,0..1,,string,,,X,X
100,101,CRRA référent,,,,,,Grand principe de la maitrise du dossier : définie par la doctrine actuelle. Les dossiers = Samu qui s'occupent du lieu d'intervention. Utilisation et notion à préciser (en cours)," CRRA 44, ...",,crraowner,,,,,,1..1,,string,,"idem ligne 47 - centre d'appel -
référentiel PSAP - GT 399",,X
101,102,CRAA de traitement du dossier,,,,,,"Champ servant à transférer un dossier à un autre CRAA / à lui demander de prendre en charge le traitement du dossier.
Le SAMU demandeur entre dans ce champ l'ID du CRAA à qui il demande de traiter l'affaire (uniquement en cas de transfert intégral du traitement d'un dossier).
Le SAMU qui reçoit la demande de transfert et l'accepte renvoie un RC-EDA de mise à jour en laissant son ID dans ce champ + en ajoutant l'ID local du dossier chez lui dans le message.
Le SAMU qui reçoit la demande de transfert et la refuse renvoie un RC-EDA de mise à jour en ajoutant l'ID du SAMU demandeur dans ce champ + il envoie l'ID local du dossier chez lui.
Ce champ ne doit être rempli qu'au moment du 1er transfert d'un dossier (création d'une affaire et acceptation du transfert du dossier) : il ne devra pas être modifiable une fois le transfert accepté  (pour les mises à jour de dossiers déjà en cours de traitement par exemple.",fr.health.samu090 ,,crratransfert,,,,,,0..1,,string,,,,X
102,103,Opérateurs impliqués,,,,,,"Si pertinent et si le SAMU émetteur souhaite partager les opérateurs spécifiques à contacter chez lui (ARM Référent, Médeci référent, etc) pour le traitement d'un dossier.",,,operators,,,,,,0..n,X,operators,,,,X
103,104,,NOM,,,,,Nom de famille de l'opérateur,,,opname,,,,,,1..1,,string,,,,X
104,105,,Prénom,,,,,Prénom de l'opérateur référent,,,opfirstname,,,,,,0..1,,string,,,,X
105,106,,ID,,,,,Identifiant professionnel de l'opérateur si existant,,,opid,,,,,,0..1,,string,,,,X
106,107,,Rôle,,,,,Rôle de l'opérateur au sein de l'entité émettrice du message,"ARM, Medecin régulateur…",,oprole,,,,,,1..1,,string,,,,X
107,108,Patients / victimes,,,,,,Identification des patients / victimes,,,patients,,,,,,0..n,X,patients,,,,X
108,109,,ID patient partagé,,,,,Identifiant technique du patient pour permettre les rapprochements d'infos. Le 1er qui créé l'ID patient a raison.,,,patientcaseID,,,,,,1..1,,string,,,,X
109,110,,Dossier administratif,,,,,,,,identifier,,,,,,0..n,X,identifier,,,,X
110,111,,,Identifiant(s) patient(s),,,,Identifiant autre que le matricule INS,,,patientid,,,,,,0..n,X,patientid,,,,X
111,112,,,,Source  /  type d'identifiant,,,Type de l'identifiant fourni,"NIR, SINUS, SI-VIC, …",,source,,,,,,1..1,,string,X,"ENUM: NIR, SINUS, SI-VIC, …",,X
112,113,,,,Identifiant,,,L'identifiant en lui-même,id1234,,patidvalue,,,,,,1..1,,string,,,,X
113,114,,,Implémentation INS,,,,"Le RNIV exige que les logiciels référentiels d’identités gèrent les 4 statuts fonctionnels suivants :
- « identité provisoire »,
- « identité récupérée »,
- « identité validée »,
- « identité qualifiée ».
Ces statuts fonctionnels sont exclusifs les uns des autres. Le référentiel INS [EXI 18] précise en outre que le matricule INS et l’OID doivent être accompagnés d’informations confirmant qu’ils ont été qualifiés.",,,INScycle,,,,,,0..1,X,INScycle,,,,X
114,115,,,,Statut de l'identité,,,"Le RNIV exige que les logiciels référentiels d’identités gèrent les 4 statuts fonctionnels suivants :
- « identité provisoire »,
- « identité récupérée »,
- « identité validée »,
- « identité qualifiée ».
Ces statuts fonctionnels sont exclusifs les uns des autres. Le référentiel INS [EXI 18] précise en outre que le matricule INS et l’OID doivent être accompagnés d’informations confirmant qu’ils ont été qualifiés.",,,patidstatus,,,,,,0..1,,string,X,,,X
115,116,,,,Attribut de l'identité,,,"Le RNIV recommande que les logiciels référentiels d’identités gèrent a minima les 3 attributs suivants :
- identité homonyme,
- identité douteuse,
- identité fictive.",,,patidattribute,,,,,,0..1,,string,X,,,X
116,117,,,Matricule INS,,,,"n° NIR OU n° NIA de l'individu. Le matricule INS (et son OID) ne doit jamais être propagé (= échangé) si l'identité est à un statut autre que qualifiée. Il correspond au numéro personnel de sécurité sociale. Il peut être différent du numéro de sécurité sociale utilisé pour le remboursement des soins par l’assurance maladie, dans le cas par exemple où l’usager n’est pas l’assuré social (ex.: l’enfant qui est rattaché à l’un de ses parents).
Le matricule INS est composé des 13 caractères et de la clé de contrôle. ",,,matins,,,,,,0..1,X,matINS,,,,X
117,118,,,,Matricule ,,,"n° NIR OU n° NIA de l'individu. Le matricule INS (et son OID) ne doit jamais être propagé (= échangé) si l'identité est à un statut autre que qualifiée. Il correspond au numéro personnel de sécurité sociale. Il peut être différent du numéro de sécurité sociale utilisé pour le remboursement des soins par l’assurance maladie, dans le cas par exemple où l’usager n’est pas l’assuré social (ex.: l’enfant qui est rattaché à l’un de ses parents).
Le matricule INS est composé des 13 caractères et de la clé de contrôle. ",2 77 01 01 154 002 29,,matinsvalue,,,,,,0..1,,number,,,,X
118,119,,,,OID,,,"Identifiant de la structure qui a affecté l’INS sous la forme d'un OID. Les OID (Object Identifier) sont des identifiants universels, représentés sous la forme d'une suite d'entiers. Ils sont organisés sous forme hiérarchique avec des nœuds. L'OID est toujours associé à un matricule INS, il n'est donc pas propagé si le statut de l'identité n'est pas ""qualifiée""",1.2.250.1.213.1.4.8,,matinsoid,,,,,,0..1,,number,X,,,X
119,120,,,Traits stricts de l'identité,,,,"L’Identité Nationale de Santé (INS) permet de référencer les données de santé avec une identité unique, pérenne, partagée par l'ensemble des professionnels du monde de la santé.
Elle est composée : 
 - Du matricule INS (NIR - numéro d’inscription au répertoire national des personnes physiques - ou NIA – numéro identifiant attente - de l’individu). Concrètement, ce numéro correspond au numéro de sécurité sociale pour les ouvrants-droits, c’est-à-dire la très grande majorité des personnes majeures. Pour les autres assurés, ce numéro figure sur leur attestation de sécurité sociale et sera affiché dans l’espace numérique de santé (Mon espace santé) ; 
- Des cinq traits stricts de référence (nom de naissance, prénom(s) de naissance, date de naissance, sexe, lieu de naissance).",,,strictinstraits,,,,,,0..1,X,strictINStraits,,,,X
120,121,,,,Nom de naissance,,,Egalement appelé nom de famille.,Dupont,,birthname,,,,,,0..1,,string,,,,X
121,122,,,,Premier prénom de naissance,,,"Doit être cohérent avec la liste des prénoms de naissance renvoyée par INSi. Ex: si la liste des prénoms renvoyée est ""Pierre Alain Jacques"", le premier prénom de naissance ne peut être que : 
Pierre
Pierre Alain
Pierre Alain Jacques",,,firstfirstname,,,,,,0..1,,string,,,,X
122,123,,,,Liste des prénoms de naissance,,,Ensemble des prénoms de naissance (renvoyés par INSi),,,firstnameslist,,,,,,0..1,,string,,,,X
123,124,,,,Date de naissance,,,,,,birthDate,,,,,,0..1,,datetime,,Format datetime décrit dans le DSF,,X
124,125,,,,Sexe ,,,,F,,sex,,,,,,0..1,,string,X,"ENUM: U, F, M, O",,X
125,126,,,,Code lieu de naissance,,,"Il s’agit de la commune de naissance pour les personnes nées en France et du pays de naissance pour les personnes nées à l’étranger. Utilisation du code INSEE (différent du code postal), auquel est associé le nom de la commune ou du pays correspondant.",,,birthplacecode,,,,,,0..1,,number,,,,X
126,127,,,Traits non stricts de l'identité,,,,,,,nonstrictINStraits,,,,,,0..1,X,nonstrictINStraits,,,,X
127,128,,,,Nom usuel ,,,Nom porté dans la vie courante. Le nom utilisé peut être similaire au nom de naissance.,Dupont,,customaryname,Vn,		Nom de la première victime,,,,0..1,,string,,,,X
128,129,,,,Prénom usuel,,,Prénom porté dans la vie courante. Le prénom utilisé peut être l’un des prénom(s) de naissance ou tout autre prénom choisi par l’usager.,Jeanne,,customaryfirstname,Vp,		Prénom de la première victime,,,,0..1,,string,,,,X
129,130,,,Contact patient,,,,Type et valeur des URI utilisées par le patient concerné,tel:0606060606,,patientcontact,,,,,,0..n,X,string,,"REGEX: tel:([#\+\*]|37000|00+)?[0-9]{2,15}",,X
130,131,,,,Type de contact du requérant,,,"Type de l'URI utilisée par le requérant, cf. nomenclature EMSI",PHNADD,,type,,,,,,1..1,,string,X,"ENUM: PSTADD, EMLADD, IPADD, FTPADD, WWWADD, PHNADD, FAXADD, PMRADD",,X
131,132,,,,URI du contact requérant,,,Valeur de l'URI utilisée pour contacter le partenaire,0671830530,,detail,,,,,,1..1,,string,,,,X
132,133,,,Adresse patient,,,,Voir pour ajouter l'adresse postale du patient uniquement : pas besoin du niveau de détail de l'adresse d'intervention qui est un objet différent,,,????,,,,,,0..1,X,????,,,,X
133,134,,,,# Voir detailedAdress,,,,,,detailedAdress,,,,,,0..1,X,detailedAdress,,,,X
134,135,,,,# Voir city,,,,,,city,,,,,,0..1,X,city,,,,X
135,136,,,Médecin traitant ,,,,,,,personalGP,,,,,,0..1,X,personal GP,,,,X
136,137,,,,Nom,,,Nom du médecin traitant du patient si connu,,,gpname,,,,,,0..1,,string,,,,X
137,138,,,,Prénom,,,Prénom du médecin traitant du patient si connu,,,gpfirstname,,,,,,0..1,,string,,,,X
138,139,,,,Identifiant,,,Numéro RPPS du médecin traitant ?,,,gpID,,,,,,0..1,,string,,,,X
139,140,,,,Numéro de téléphone,,,N° de téléphone du médecin traitant du patient,,,pgphone,,,,,,0..1,,number,,,,X
140,141,,,Age,,,,Age du patient,6Y,,age,,,,,,0..1,,string,,REGEX: ,,X
141,142,,Motif de recours médico-secouriste,# Voir whatsHappen (type nomenclature),,,,Décrit le motif de recours médico-secouriste spécifique au patient concerné (MR). Référentiel : nomenclature CISU.,,whatsHappen,,,,,,1.0,0..1,X,nomenclature,X,,,X
142,143,,,Informations complémentaires,,,,,,,freetext,,,,,,0..1,,string,,,,X
143,144,,Informations patient,,,,,,,,patinfo,,,,,,0..1,X,medicalfile,,,,X
144,145,,,Poids,,,,Poids en kilogrammes,31,,weight,,,,,,0..1,,integer,,,,X
145,146,,,Taille,,,,Taille en centimètres,109,,height,,,,,,0..1,,integer,,,,X
146,147,Régulation médicale,,,,,,,,,,,,,,,0..1,,,,,,X
147,148,,ID patient partagé,# Voir patientcaseID,,,,"ID du patient concerné, lorsque le patient existe et est identifié",,,patientcaseID,,,,,,0..1,X,string,,,,X
148,149,,Notes de régulation,,,,,,,,medicalfile,,,,,,0..n,X,string,,,,X
149,150,,,Professionnel de santé qui réalise l'interrogatoire,cf. operators,,,,,,operators,,,,,,0..1,,string,,,,X
150,151,,,Observations,,,,,,,freetext,,,,,,0..1,,string,,,,X
151,152,,,Antécédents,,,,Antécédents médicaux ,,,medicalhistory,,,,,,0..n,,string,,,,X
152,153,,,Complément antecédents,,,,"Texte libre a utiliser au besoin si nomenclature non implémentée,et/ou précisions à apporter",,,freetext,,,,,,0..1,,string,,,,X
153,154,,,Traitements,,,,Traitements pris par le patient,,,treatments,,,,,,0..n,,string,,,,X
154,155,,,Compléments traitements,,,,"Texte libre a utiliser au besoin si nomenclature non implémentée,et/ou précisions à apporter",,,freetext,,,,,,0..1,,string,,,,X
155,156,,,Allergies,,,,Texte libre pour décrire les allergies du patient,,,freetext,,,,,,0..1,,,,,,X
156,157,,,Autres Commentaires,,,,Champ libre pour compléter les informations du dossier médical (notes médicales),,,freetext,,,,,,0..n,,string,,,,X
157,158,,Décisions,,,,,,,,patPathway,,,,,,0..n,X,patientPathway,,,,X
158,159,,,Type de décision,,,,,conseil médical  / décision d’intervention / décision d’orientation et de transport / Pas de décision supplémentaire,,decisiontype,,,,,,0..1,,,,,,X
159,160,,,Orientation,,,,Décision(s) d'orientation prise par le médecin régulateur,,,orientation,,,,,,0..1,,string,,,,X
160,161,,,Vecteur de transport,,,,Vecteur(s) de transport engagés pour la prise en charge du patient,,,rtypeTransport,,,,,,0..n,,string,,,,X
161,162,,,Niveau de médicalisation,,,,"Type d’équipe (médical, paramédicale, non médicale, standard, incomplete, ...)","Médical, paramédical, secouriste",,levelOfCare,,,,,,0..1,,string,,R[X],,X
162,163,,,Destination,,,,,,,patdestination,,,,,,0..1,X,patdestination,,,,X
163,164,,,,Etablissement,,,,,,facility,,,,,,0..1,,string,,,,X
164,165,,,,Service,,,,,,service,,,,,,0..1,,string,,,,X
165,166,,,,Autre,,,,,,other,,,,,,0..1,,string,,,,X
166,167,,,Niveau de soin,,,,,R1/R2/R3/R4,,carelevel,,,,,,0..1,,string,X,"ENUM: R1, R2, R3, R4",,X
167,168,,Hypothèses de régulation médicale,,,,,,,,hypothesis,,,,,,0..1,X,hypothesis,,,,X
168,169,,,Hypothèse de régulation médicale principale,,,,,,,mainhyp,,,,,,0..1,X,mainhyp,,,,X
169,170,,,,Code,,,,,,codemainhyp,,,,,,0..1,,string,X,?,,X
170,171,,,,libellé,,,,,,titlemainhyp,,,,,,0..1,,string,X,?,,X
171,172,,,Hypothèses de régulation médicale secondaires,,,,,,,sechyp,,,,,,0..n,X,sechyp,,,,X
172,173,,,,Code,,,,,,codesechyp,,,,,,0..1,,string,X,?,,X
173,174,,,,libellé,,,,,,titlesechyp,,,,,,0..1,,string,X,?,,X
174,175,,Diagnostic de l'effecteur,,,,,,,,,,,,,,0..1,,,,,,X
175,176,Nouvelle alerte,# Voir alerte initiale,,,,,"Lorsque plusieurs alertes correspondent à une même affaire/dossier, la première alerte reçue est appelée Alerte initial ""initialAlert"", la seconde et les suivantes sont des objets ""newAlert"".
Les objet newAlert suivent le modèle d'un objet initialAlert
Dans le cadre une mise à jour d'affaire, les objets alertes sont IMMUTABLES.",,otherAlert,newAlert,,,,,1.0,0..n,X,alert,,,X,X
176,177,Informations complémentaires,,,,,,,,,additionalInformation,,,,,,0..1,X,additionalInformation,,,X,X
177,178,,Clé valeur adaptable,,,,,Permet de rajouter quelques paires de champs,,,customMap,,,,,,0..3,X,customMap,,,X,X
178,179,,,Clé,,,,Nom de la balise,neighborhood,,key,,,,,,1..1,,string,,,X,X
179,180,,,Libellé,,,,Libellé correspondant,Quartier,,label,,,,,,0..1,,string,,,X,X
180,181,,,Valeur,,,,Valeur associée à la clé,LYON 2e arrondissement,,value,,,,,,1..1,,string,,,X,X
181,182,,,Détails,,,,Informations complémentaires sur le contexte / utilisation de ce matching additionnel,Précision sur le quartier d'intervention,,freetext,,,,,,0..1,,string,,,X,X
182,183,Description de l'affaire/dossier,,,,,,Texte libre permettant de donner des informations supplémentaires concernant l'affaire,,,freetext,,,,,,0..1,,string,,,X,X
